eb,qb,T_r2,conf_r2,T_lam,conf_lam,n_lam_peaks,n_r1_troughs,n_r2_troughs,phi_r1,phi_r2,lag_r1,lag_r2,n_matches_r1,n_matches_r2
0.0,0.1,438.125,998.6729679569313,1752.5,18.639433190512474,56,48,16,73.95149786019971,197.20399429386592,90.0,240.0,56,54
0.1,0.1,194.72222222222223,15.769048950400549,155.77777777777777,17.42709653631266,61,65,65,110.92724679029956,110.92724679029956,60.0,60.0,61,58
0.2,0.1,81.51162790697674,15.203270822326578,2336.666666666667,101.58701185880693,4,77,79,264.99286733238233,220.82738944365192,60.0,50.0,4,3
0.3,0.1,368.9473684210526,9.481169750163373,1168.3333333333335,12.655379788160483,56,66,72,58.54493580599145,58.54493580599145,60.0,60.0,55,55
0.4,0.1,280.4,12.512996426569197,368.9473684210526,18.66286029033049,70,81,71,64.19400855920114,64.19400855920114,50.0,50.0,69,70
0.5,0.1,77.03296703296704,8.029311812783092,2336.666666666667,22.760749382537064,39,67,77,233.66619115549213,233.66619115549213,50.0,50.0,35,38
0.6,0.1,184.4736842105263,9.337926937624482,1402.0,13.653582776775318,57,80,80,78.0599144079886,78.0599144079886,40.0,40.0,57,57
0.8,0.1,134.375,7.611504710723627,102.38095238095237,7.461624234862688,22,23,23,133.95348837209303,147.34883720930233,50.0,55.0,21,22
0.0,0.2,212.42424242424244,455.0022236373335,2336.666666666667,15.246808393296362,59,33,33,169.472182596291,194.89300998573464,100.0,115.0,58,58
0.1,0.2,1001.4285714285713,47.379889951869245,389.44444444444446,143.17474622917086,20,12,21,118.63052781740372,68.30242510699001,330.0,190.0,19,19
0.2,0.2,539.2307692307693,10.09114435686939,2336.666666666667,17.50756656001084,68,75,74,20.028530670470754,33.38088445078459,30.0,50.0,68,67
0.3,0.2,2336.666666666667,12.341421644808817,137.45098039215685,14.615638955234964,65,79,53,130.95577746077035,209.52924393723254,50.0,80.0,65,58
0.4,0.2,2336.666666666667,18.15317642175222,304.7826086956522,11.245567431337266,62,74,70,59.05848787446505,70.87018544935806,50.0,60.0,62,60
0.5,0.2,539.2307692307693,9.75363762574216,1752.5,10.187909847428578,71,76,79,33.38088445078459,33.38088445078459,50.0,50.0,71,71
0.6,0.2,280.4,8.569891543011893,146.04166666666669,12.622073856583999,62,74,67,70.61340941512127,64.19400855920114,55.0,50.0,62,62
0.8,0.2,539.2307692307693,9.774149295710407,113.06451612903226,12.196295642347987,73,77,66,33.38088445078459,33.38088445078459,50.0,50.0,70,71
0.0,0.3,304.7826086956522,287.2741682021575,259.6296296296296,10.791994444212062,77,26,23,153.55206847360913,177.17546362339513,130.0,150.0,75,77
0.1,0.3,876.25,22.90858841473153,500.71428571428567,76.30418781227173,26,14,40,164.33666191155493,36.975748930099854,400.0,90.0,25,25
0.2,0.3,152.3913043478261,6.638802285850097,1752.5,6.77860998413173,81,85,75,141.74037089871612,118.1169757489301,60.0,50.0,81,80
0.3,0.3,539.2307692307693,11.535568540743341,584.1666666666667,36.54630090235879,35,69,18,40.05706134094151,120.17118402282453,60.0,180.0,34,31
0.4,0.3,219.0625,12.250881467361992,1402.0,10.481861425301005,72,76,72,82.16833095577746,82.16833095577746,50.0,50.0,72,72
0.5,0.3,104.62686567164178,13.108194046577468,2336.666666666667,13.941211102132465,81,66,75,172.03994293865907,206.4479315263909,50.0,60.0,74,80
0.6,0.3,2336.666666666667,10.821633489598028,637.2727272727273,17.60594933334351,64,71,75,33.89443651925821,33.89443651925821,60.0,60.0,64,64
0.8,0.3,350.5,82.6724561907259,701.0,248.57514460583778,12,33,32,20.542082738944366,77.03281027104137,20.0,75.0,11,12
0.0,0.4,304.7826086956522,166.317737315241,368.9473684210526,11.06788888027801,75,101,55,47.24679029957204,82.68188302425106,40.0,70.0,75,73
0.1,0.4,778.8888888888889,33.507209327337016,778.8888888888889,38.10091474385819,32,18,39,184.87874465049927,27.73181169757489,400.0,60.0,31,32
0.2,0.4,2336.666666666667,14.215729267382546,2336.666666666667,18.458707613257197,37,76,47,6.162624821683308,9.243937232524964,40.0,60.0,37,37
0.3,0.4,269.61538461538464,9.301879266256709,467.3333333333333,20.29180658136525,52,74,62,73.43794579172611,80.11412268188302,55.0,60.0,52,52
0.4,0.4,1168.3333333333335,8.362407565179668,152.3913043478261,9.67248226141564,62,78,71,15.40656205420827,12.325249643366616,50.0,40.0,61,61
0.5,0.4,389.44444444444446,12.696387144160315,134.80769230769232,9.467618561206436,80,93,93,36.975748930099854,46.21968616262482,40.0,50.0,79,79
0.6,0.4,103.08823529411765,9.93717551044064,637.2727272727273,12.464803666224556,77,81,82,174.60770328102709,174.60770328102709,50.0,50.0,75,75
0.8,0.4,333.8095238095238,772.5227789185345,333.8095238095238,357.00048093574804,21,22,21,334.32239657631953,64.70756062767475,310.0,60.0,21,21
0.0,0.5,304.7826086956522,105.75707433656227,2336.666666666667,12.799639878254547,80,84,68,59.05848787446505,70.87018544935806,50.0,60.0,78,79
0.1,0.5,701.0,47.329404039504,701.0,82.72410114952584,26,20,30,154.06562054208274,35.94864479315264,300.0,70.0,25,26
0.2,0.5,184.4736842105263,11.317080997062051,1752.5,9.848837122595238,47,71,75,97.57489300998574,58.54493580599145,50.0,30.0,47,46
0.3,0.5,259.6296296296296,9.264636699309234,56.99186991869919,11.750209138959356,106,91,71,69.32952924393723,69.32952924393723,50.0,50.0,106,106
0.4,0.5,2336.666666666667,60.22196748043533,2336.666666666667,112.29558227502102,15,56,14,9.243937232524964,27.73181169757489,60.0,180.0,15,15
0.5,0.5,1168.3333333333335,27.829522353019588,104.62686567164178,9.275292132792911,76,71,46,15.40656205420827,27.73181169757489,50.0,90.0,75,75
0.6,0.5,1168.3333333333335,135.5865834648536,1168.3333333333335,210.4150677685549,5,30,13,9.243937232524964,33.8944365192582,30.0,110.0,5,5
0.8,0.5,280.4,615.9686581993482,280.4,348.20925823063965,25,26,25,295.29243937232525,77.03281027104138,230.0,60.0,25,25
0.0,0.6,292.08333333333337,147.49293690392435,1752.5,12.080157173546082,72,63,54,61.62624821683308,73.95149786019971,50.0,60.0,72,72
0.1,0.6,778.8888888888889,37.01948736701945,701.0,113.71395592873256,19,26,37,73.95149786019971,23.10984308131241,160.0,50.0,19,19
0.2,0.6,2336.666666666667,14.071543442745556,62.58928571428571,16.04412553436906,106,93,96,287.5891583452211,115.03566333808845,50.0,20.0,98,102
0.3,0.6,114.91803278688525,8.648129275363477,467.3333333333333,9.286764819244588,67,82,83,187.96005706134093,93.98002853067047,60.0,30.0,65,66
0.4,0.6,778.8888888888889,156.57851016075819,778.8888888888889,131.94660040498187,21,45,15,41.59771754636233,64.70756062767475,90.0,140.0,21,21
0.5,0.6,250.35714285714283,23.400672891219248,250.35714285714283,41.77156542615624,44,73,56,71.89728958630528,71.89728958630528,50.0,50.0,44,44
0.6,0.6,584.1666666666667,284.4195846794221,584.1666666666667,253.30137500753497,11,12,11,268.0741797432239,55.46362339514978,435.0,90.0,10,11
0.8,0.6,269.61538461538464,427.92175958704394,269.61538461538464,235.71635830113135,27,26,26,267.04707560627674,80.11412268188302,200.0,60.0,26,26
0.0,0.7,292.08333333333337,154.336827508753,125.17857142857142,9.04665045484074,75,47,49,110.92724679029956,98.60199714693293,90.0,80.0,75,75
0.1,0.7,539.2307692307693,35.188086696791146,539.2307692307693,153.12618721539414,15,30,38,106.81883024251069,26.70470756062767,160.0,40.0,15,15
0.2,0.7,132.26415094339623,12.218780881646556,49.36619718309859,9.780140536684367,97,81,80,136.0912981455064,81.65477888730385,50.0,30.0,97,96
0.3,0.7,64.9074074074074,7.685826405002144,58.416666666666664,7.430349806459916,89,82,93,277.3181169757489,166.39087018544936,50.0,30.0,83,83
0.4,0.7,637.2727272727273,64.70585921872532,637.2727272727273,63.713933436506046,34,53,27,48.017118402282456,56.49072753209701,85.0,100.0,34,32
0.5,0.7,318.6363636363636,104.11777227255523,304.7826086956522,90.26886087225624,42,33,25,135.57774607703283,90.3851640513552,120.0,80.0,40,41
0.6,0.7,467.3333333333333,471.8991065261619,467.3333333333333,518.6578567109029,15,14,15,234.9500713266762,61.6262482168331,305.0,80.0,14,15
0.8,0.7,280.4,208.3369488799343,280.4,203.48533625385767,25,25,25,243.93723252496437,77.03281027104138,190.0,60.0,25,25
0.0,0.8,280.4,131.6245113863352,97.36111111111111,11.161216873817828,77,43,45,115.54921540656206,115.54921540656206,90.0,90.0,75,76
0.1,0.8,539.2307692307693,51.38533457218433,539.2307692307693,150.89568376318445,15,31,35,43.39514978601997,40.05706134094151,65.0,60.0,14,15
0.2,0.8,1402.0,10.865646725916525,50.79710144927536,7.87304464088853,101,84,87,12.83880171184023,5.1355206847360915,50.0,20.0,101,100
0.3,0.8,500.71428571428567,7.003384021270518,2336.666666666667,9.149179290237095,67,74,62,35.94864479315264,35.94864479315264,50.0,50.0,67,67
0.4,0.8,876.25,46.91827292709751,876.25,67.89405190069677,36,59,37,24.65049928673324,39.02995720399429,60.0,95.0,36,36
0.5,0.8,368.9473684210526,685.7438021780773,368.9473684210526,486.0172217579441,30,19,18,29.272467902995725,195.1497860199715,30.0,200.0,30,29
0.6,0.8,389.44444444444446,618.7589820903808,389.44444444444446,444.26927112110786,17,17,18,286.5620542082739,101.6833095577746,310.0,110.0,16,17
0.8,0.8,259.6296296296296,166.06430759450072,259.6296296296296,244.0346099910278,27,26,27,249.58630527817405,69.32952924393723,180.0,50.0,26,27
0.0,0.9,280.4,165.83026766492512,637.2727272727273,8.866743724010394,82,40,40,115.54921540656206,109.12981455064195,90.0,85.0,81,80
0.1,0.9,500.71428571428567,63.95572075351084,500.71428571428567,156.51393969292184,16,35,37,50.328102710413695,28.758915834522114,70.0,40.0,15,15
0.2,0.9,2336.666666666667,33.214830623674025,701.0,6.919826338396695,81,74,71,30.81312410841655,10.271041369472183,60.0,20.0,79,81
0.3,0.9,259.6296296296296,11.823515213155327,304.7826086956522,15.865333717109396,77,80,74,69.32952924393723,55.46362339514979,50.0,40.0,77,77
0.4,0.9,778.8888888888889,45.52275741285186,778.8888888888889,114.81219178465356,25,53,49,36.975748930099854,36.975748930099854,80.0,80.0,24,25
0.5,0.9,368.9473684210526,508.52987423345013,368.9473684210526,416.59969018157835,18,18,19,29.272467902995725,214.66476462196866,30.0,220.0,18,18
0.6,0.9,368.9473684210526,719.428588720355,368.9473684210526,537.2739615192658,18,19,18,302.4821683309558,117.0898716119829,310.0,120.0,18,18
0.8,0.9,241.72413793103448,172.18795976421842,241.72413793103448,330.4162061447396,29,28,28,253.1811697574893,74.46504992867332,170.0,50.0,28,28
0.0,1.0,280.4,170.46989461320163,876.25,6.515871550183193,87,43,39,115.54921540656206,102.71041369472184,90.0,80.0,87,85
0.1,1.0,500.71428571428567,65.94456498396868,500.71428571428567,168.42721661837325,18,35,37,35.94864479315264,39.54350927246791,50.0,55.0,18,18
0.2,1.0,1752.5,31.413679288337644,52.70676691729323,7.05532559151314,81,85,69,341.5121255349501,136.60485021398003,50.0,20.0,51,62
0.3,1.0,1752.5,18.31353166257564,1752.5,97.81230830800924,33,54,58,18.487874465049927,8.216833095577746,90.0,40.0,33,33
0.4,1.0,710.0000000000001,35.896040554219944,621.25,149.72230302765612,17,40,37,30.4225352112676,45.6338028169014,60.0,90.0,17,17
0.5,1.0,368.9473684210526,544.9462555861827,368.9473684210526,427.4343213907021,18,18,19,19.51497860199715,195.1497860199715,20.0,200.0,18,18
0.6,1.0,368.9473684210526,678.7239851934463,368.9473684210526,579.2773414954081,18,18,19,321.99714693295294,136.60485021398003,330.0,140.0,17,18
0.8,1.0,241.72413793103448,212.19727495027166,241.72413793103448,319.75618632973584,28,27,28,253.1811697574893,74.46504992867332,170.0,50.0,27,28
