eb,qb,pair,peak_C,peak_lag_tau_b,C_at_zero_lag
0.0,0.1,lambda-rmin1,0.0791453064651006,80.0,0.03888224666173021
0.0,0.1,lambda-rmin2,-0.02398598998106167,-150.0,-0.003736605803904448
0.0,0.1,lambda-mdot1,0.20828187818920282,-200.0,0.07803755036865676
0.0,0.1,lambda-mdot2,0.27623540176173955,-200.0,0.21556270633011407
0.0,0.1,rmin1-rmin2,0.48412455862242854,-130.0,-0.11603365417677826
0.0,0.1,mdot1-mdot2,0.9899890796822116,0.0,0.9899890796822116
0.0,0.1,mdot1-rmin1,-0.13744933152786518,90.0,-0.13215668782487272
0.0,0.1,mdot1-rmin2,0.024985639239203113,50.0,0.021418657655982325
0.0,0.1,mdot2-rmin1,-0.12909492357783686,-90.0,-0.12259527683710661
0.0,0.1,mdot2-rmin2,0.02218473585956135,30.0,0.020508348991831488
0.0,0.1,lambda-alpha1,-0.10776634012772618,0.0,-0.10776634012772618
0.0,0.1,lambda-alpha2,0.0774134582424939,120.0,0.025494850071921035
0.0,0.1,lambda-mass_disk1,0.23120615944204734,-200.0,0.11611421272023212
0.0,0.1,lambda-mass_disk2,0.18264767711338536,-200.0,0.14379986555057264
0.1,0.1,lambda-rmin1,-0.1993224328757742,30.0,-0.02591700195116101
0.1,0.1,lambda-rmin2,0.19935434716639305,20.0,0.18635604713771411
0.1,0.1,lambda-mdot1,0.2827675068118511,-140.0,0.1491362683920073
0.1,0.1,lambda-mdot2,0.3185575866463626,0.0,0.3185575866463626
0.1,0.1,rmin1-rmin2,0.2950649449625918,0.0,0.2950649449625918
0.1,0.1,mdot1-mdot2,0.9855093722440023,-30.0,0.9843084788163032
0.1,0.1,mdot1-rmin1,-0.1694490541661726,-50.0,-0.15870092526173232
0.1,0.1,mdot1-rmin2,-0.17100616571139146,20.0,-0.15267589968486148
0.1,0.1,mdot2-rmin1,-0.1682698923446474,30.0,-0.15568522859709943
0.1,0.1,mdot2-rmin2,-0.1561136934005668,-120.0,-0.11532336675854468
0.1,0.1,lambda-alpha1,-0.11644751249048699,-200.0,-0.01307322868974617
0.1,0.1,lambda-alpha2,-0.18924436505691417,0.0,-0.18924436505691417
0.1,0.1,lambda-mass_disk1,0.3010644736787127,-150.0,0.15313248603559468
0.1,0.1,lambda-mass_disk2,0.32429804901960896,0.0,0.32429804901960896
0.2,0.1,lambda-rmin1,-0.3649898523102721,-200.0,-0.33277568858134216
0.2,0.1,lambda-rmin2,-0.26273749528943785,100.0,-0.2221512742018046
0.2,0.1,lambda-mdot1,0.5822698108206782,-200.0,0.5206589877070817
0.2,0.1,lambda-mdot2,0.7235905549001661,-200.0,0.6864819576086496
0.2,0.1,rmin1-rmin2,0.5178363706792404,0.0,0.5178363706792404
0.2,0.1,mdot1-mdot2,0.9778104525157012,0.0,0.9778104525157012
0.2,0.1,mdot1-rmin1,-0.29688516668741005,-10.0,-0.28326758241079325
0.2,0.1,mdot1-rmin2,-0.3215846220133043,0.0,-0.3215846220133043
0.2,0.1,mdot2-rmin1,-0.3343354671891982,-10.0,-0.3199972082239616
0.2,0.1,mdot2-rmin2,-0.3245948393062376,0.0,-0.3245948393062376
0.2,0.1,lambda-alpha1,0.1996672172393307,-150.0,0.18036309559050887
0.2,0.1,lambda-alpha2,-0.05887996407440146,160.0,-0.034377418717767436
0.2,0.1,lambda-mass_disk1,0.6419632585726264,-200.0,0.5911981498019384
0.2,0.1,lambda-mass_disk2,0.47017017694487534,-200.0,0.4123771788970303
0.3,0.1,lambda-rmin1,0.21988088418678778,-10.0,0.17361769577018607
0.3,0.1,lambda-rmin2,-0.11112347178484348,30.0,-0.07814125141316747
0.3,0.1,lambda-mdot1,0.8156026885393859,-30.0,0.7789907433909741
0.3,0.1,lambda-mdot2,0.8383612039420004,0.0,0.8383612039420004
0.3,0.1,rmin1-rmin2,0.6994730632271084,0.0,0.6994730632271084
0.3,0.1,mdot1-mdot2,0.9943400487848209,0.0,0.9943400487848209
0.3,0.1,mdot1-rmin1,0.25011565764805505,-180.0,0.22597322924430807
0.3,0.1,mdot1-rmin2,-0.10909386018732067,-200.0,-0.09886044774413252
0.3,0.1,mdot2-rmin1,0.24670735500684765,-180.0,0.2237869296318548
0.3,0.1,mdot2-rmin2,-0.11091233807735826,-200.0,-0.10094003284388807
0.3,0.1,lambda-alpha1,-0.13795852615048096,170.0,-0.10038364090518562
0.3,0.1,lambda-alpha2,-0.3028711078323388,90.0,-0.263959942437928
0.3,0.1,lambda-mass_disk1,0.8158422971580324,50.0,0.7898550610092875
0.3,0.1,lambda-mass_disk2,0.819316187950254,0.0,0.819316187950254
0.4,0.1,lambda-rmin1,-0.09004120331793332,20.0,-0.016461419028534232
0.4,0.1,lambda-rmin2,-0.141080150354644,90.0,-0.09819661995139538
0.4,0.1,lambda-mdot1,0.38522639235426803,140.0,0.29366927225282985
0.4,0.1,lambda-mdot2,0.45322404491833873,0.0,0.45322404491833873
0.4,0.1,rmin1-rmin2,0.15228380293529484,0.0,0.15228380293529484
0.4,0.1,mdot1-mdot2,0.985365171436093,-30.0,0.9845678169550632
0.4,0.1,mdot1-rmin1,-0.08478623862284032,200.0,-0.040562513402091195
0.4,0.1,mdot1-rmin2,-0.22184382888449417,-100.0,-0.18852277747910456
0.4,0.1,mdot2-rmin1,-0.08036990788334887,200.0,-0.039647985267919905
0.4,0.1,mdot2-rmin2,-0.22177371391581427,-100.0,-0.192986800944559
0.4,0.1,lambda-alpha1,0.17910592584330384,80.0,-0.1273735768997569
0.4,0.1,lambda-alpha2,0.17227173386224554,0.0,0.17227173386224554
0.4,0.1,lambda-mass_disk1,0.37940826315587506,170.0,0.32123653918168976
0.4,0.1,lambda-mass_disk2,0.37142024217805014,0.0,0.37142024217805014
0.5,0.1,lambda-rmin1,0.3655665922524814,-180.0,0.33707417187510325
0.5,0.1,lambda-rmin2,-0.22063923530632226,-50.0,-0.19311407363507457
0.5,0.1,lambda-mdot1,0.6009007806920647,200.0,0.5176841893952017
0.5,0.1,lambda-mdot2,0.655642913907277,200.0,0.6258352980970708
0.5,0.1,rmin1-rmin2,-0.15159993323108908,200.0,0.028897518580098314
0.5,0.1,mdot1-mdot2,0.9908253839331777,0.0,0.9908253839331777
0.5,0.1,mdot1-rmin1,-0.05345468049103172,200.0,-0.02986999369352783
0.5,0.1,mdot1-rmin2,-0.1477079225318785,-70.0,-0.13067534836357456
0.5,0.1,mdot2-rmin1,0.08050297930990372,-200.0,0.027696530312202882
0.5,0.1,mdot2-rmin2,-0.16039151558929973,-70.0,-0.1485372750686248
0.5,0.1,lambda-alpha1,-0.37123138493083946,170.0,-0.31515463066832605
0.5,0.1,lambda-alpha2,0.2692066147535092,-20.0,0.22127925380518088
0.5,0.1,lambda-mass_disk1,0.5883829570538385,200.0,0.5035882534116474
0.5,0.1,lambda-mass_disk2,0.6407529671900761,190.0,0.6002264851274722
0.6,0.1,lambda-rmin1,-0.07135747346283453,-160.0,0.019078029794850206
0.6,0.1,lambda-rmin2,-0.17652344780067572,-160.0,-0.0395214742874793
0.6,0.1,lambda-mdot1,0.5150314348907847,-110.0,0.4942513245792582
0.6,0.1,lambda-mdot2,0.5482365819589816,0.0,0.5482365819589816
0.6,0.1,rmin1-rmin2,0.6649261056894583,0.0,0.6649261056894583
0.6,0.1,mdot1-mdot2,0.9978171016216054,0.0,0.9978171016216054
0.6,0.1,mdot1-rmin1,0.1823939721675106,-160.0,0.1692734947427709
0.6,0.1,mdot1-rmin2,-0.2820676992238901,-190.0,-0.2613201766989595
0.6,0.1,mdot2-rmin1,0.17453439227851708,-150.0,0.16729378644406762
0.6,0.1,mdot2-rmin2,-0.2821820234324111,-190.0,-0.2540576728773296
0.6,0.1,lambda-alpha1,-0.3964110670844647,0.0,-0.3964110670844647
0.6,0.1,lambda-alpha2,0.08695393509147087,-10.0,0.06999710393861164
0.6,0.1,lambda-mass_disk1,0.5241863599508506,-110.0,0.5097563464849484
0.6,0.1,lambda-mass_disk2,0.5315773335702314,0.0,0.5315773335702314
0.8,0.1,lambda-rmin1,-0.13183098719087616,-90.0,-0.12332377322227289
0.8,0.1,lambda-rmin2,0.18423340847542463,60.0,0.0789132876141586
0.8,0.1,lambda-mdot1,-0.7337971500353854,0.0,-0.7337971500353854
0.8,0.1,lambda-mdot2,-0.4041113118055117,50.0,0.06273921285229891
0.8,0.1,rmin1-rmin2,0.23812964274545076,0.0,0.23812964274545076
0.8,0.1,mdot1-mdot2,0.7923774045455954,-40.0,0.6251395446192946
0.8,0.1,mdot1-rmin1,-0.07096422066675256,-60.0,0.050978447909565426
0.8,0.1,mdot1-rmin2,-0.23730870456450584,-10.0,-0.18452579072108155
0.8,0.1,mdot2-rmin1,0.08040645841031419,-200.0,-0.07042969888566793
0.8,0.1,mdot2-rmin2,-0.23930065999983952,70.0,-0.18746979302608952
0.8,0.1,lambda-alpha1,0.34569217591171886,0.0,0.34569217591171886
0.8,0.1,lambda-alpha2,0.18336669751696183,190.0,-0.07796983967852138
0.8,0.1,lambda-mass_disk1,-0.5805113917503782,0.0,-0.5805113917503782
0.8,0.1,lambda-mass_disk2,-0.38211607861979197,50.0,-0.2518559814692481
0.0,0.2,lambda-rmin1,0.07961928764815371,-70.0,0.0671606838282693
0.0,0.2,lambda-rmin2,0.05950435015675882,60.0,0.009146480358030585
0.0,0.2,lambda-mdot1,-0.4315353021123251,0.0,-0.4315353021123251
0.0,0.2,lambda-mdot2,-0.329546742329038,-190.0,-0.17632207638152148
0.0,0.2,rmin1-rmin2,0.8855774619366733,130.0,-0.6124067292657773
0.0,0.2,mdot1-mdot2,0.9672586012613564,-160.0,0.9619980345229819
0.0,0.2,mdot1-rmin1,-0.09811114464238042,110.0,-0.09323892657018926
0.0,0.2,mdot1-rmin2,-0.05557460538643037,40.0,-0.04149552978490167
0.0,0.2,mdot2-rmin1,-0.10486119613304057,90.0,-0.08006010036866529
0.0,0.2,mdot2-rmin2,-0.058386431658348545,-40.0,-0.046679385128006325
0.0,0.2,lambda-alpha1,0.0914801064040823,-170.0,-0.004118904520573203
0.0,0.2,lambda-alpha2,0.05744779363659972,-50.0,0.04056820062934452
0.0,0.2,lambda-mass_disk1,-0.4283645417192562,0.0,-0.4283645417192562
0.0,0.2,lambda-mass_disk2,-0.38016226734068476,-190.0,-0.26229029398640274
0.1,0.2,lambda-rmin1,-0.7865691232852524,110.0,0.012281694566501654
0.1,0.2,lambda-rmin2,-0.3829365406040102,-110.0,-0.04463983804784909
0.1,0.2,lambda-mdot1,-0.5863777534246941,10.0,-0.5843985339319783
0.1,0.2,lambda-mdot2,-0.48198787410138766,160.0,0.18275052065604724
0.1,0.2,rmin1-rmin2,0.4720985401902777,120.0,0.11001642036524219
0.1,0.2,mdot1-mdot2,0.711646365531481,170.0,0.6562409627020281
0.1,0.2,mdot1-rmin1,0.6554564338898444,120.0,0.32631228605511536
0.1,0.2,mdot1-rmin2,0.4946113862243349,200.0,0.41895848365237387
0.1,0.2,mdot2-rmin1,0.6547495558944527,-50.0,0.4982822733069638
0.1,0.2,mdot2-rmin2,0.5671654852472516,60.0,0.44862262995125607
0.1,0.2,lambda-alpha1,-0.19607859395597765,-60.0,0.016833158159594186
0.1,0.2,lambda-alpha2,-0.47809189053829787,80.0,-0.1726650952405489
0.1,0.2,lambda-mass_disk1,-0.6052456974457422,0.0,-0.6052456974457422
0.1,0.2,lambda-mass_disk2,-0.37102915189395846,-130.0,-0.113485920413883
0.2,0.2,lambda-rmin1,0.15621618855194302,10.0,-0.04299508419899621
0.2,0.2,lambda-rmin2,-0.16261704019062664,20.0,0.06976292511524185
0.2,0.2,lambda-mdot1,0.18256666701875116,-180.0,-0.08091019365999728
0.2,0.2,lambda-mdot2,0.18384278868200593,-200.0,0.1325028304192008
0.2,0.2,rmin1-rmin2,-0.5270613939496618,10.0,0.3459203620614157
0.2,0.2,mdot1-mdot2,0.9761484799576455,0.0,0.9761484799576455
0.2,0.2,mdot1-rmin1,0.0625312058010045,-150.0,0.010581329185008927
0.2,0.2,mdot1-rmin2,-0.2154865214718662,-20.0,-0.21515652807277644
0.2,0.2,mdot2-rmin1,0.05004709785075532,-180.0,0.005770251505434622
0.2,0.2,mdot2-rmin2,-0.21074611832130857,-30.0,-0.19904641495420858
0.2,0.2,lambda-alpha1,-0.1523115511602772,50.0,-0.015732584203786544
0.2,0.2,lambda-alpha2,-0.1781138385704426,-170.0,0.027963348801229006
0.2,0.2,lambda-mass_disk1,0.1808570536272619,-170.0,-0.07186860553563083
0.2,0.2,lambda-mass_disk2,0.1916336649005971,-180.0,0.11472489300439893
0.3,0.2,lambda-rmin1,-0.12090562030382077,-40.0,0.04947921807794289
0.3,0.2,lambda-rmin2,0.2550530721150062,-100.0,0.10771751700097679
0.3,0.2,lambda-mdot1,-0.4545055909556024,0.0,-0.4545055909556024
0.3,0.2,lambda-mdot2,-0.1880861022397531,190.0,-0.15957287506350232
0.3,0.2,rmin1-rmin2,-0.15045170479252148,-20.0,0.011712211451385129
0.3,0.2,mdot1-mdot2,0.94806465268105,0.0,0.94806465268105
0.3,0.2,mdot1-rmin1,-0.03489953663964175,200.0,-0.02482145010671476
0.3,0.2,mdot1-rmin2,-0.5573887060786779,-100.0,-0.4879788441846265
0.3,0.2,mdot2-rmin1,-0.047429679071497026,200.0,-0.02049112968698222
0.3,0.2,mdot2-rmin2,-0.5358635782800627,-190.0,-0.4976414497576045
0.3,0.2,lambda-alpha1,0.12745610757954906,0.0,0.12745610757954906
0.3,0.2,lambda-alpha2,0.1806353960858429,-150.0,0.15739436093476467
0.3,0.2,lambda-mass_disk1,-0.46776555300754075,0.0,-0.46776555300754075
0.3,0.2,lambda-mass_disk2,-0.2094371162759007,0.0,-0.2094371162759007
0.4,0.2,lambda-rmin1,-0.11081270491282022,-200.0,-0.010214471772758284
0.4,0.2,lambda-rmin2,0.12270494361382776,-50.0,0.10089722674652266
0.4,0.2,lambda-mdot1,0.3704483838128776,-160.0,0.2477417597530328
0.4,0.2,lambda-mdot2,0.4177716662203775,0.0,0.4177716662203775
0.4,0.2,rmin1-rmin2,0.3542145246463773,0.0,0.3542145246463773
0.4,0.2,mdot1-mdot2,0.9853393871613424,10.0,0.9828933406241389
0.4,0.2,mdot1-rmin1,-0.1460870138816008,40.0,-0.1363690138880628
0.4,0.2,mdot1-rmin2,0.06239115910310188,90.0,0.04532612910807147
0.4,0.2,mdot2-rmin1,-0.1417634438622463,-170.0,-0.13080552194923256
0.4,0.2,mdot2-rmin2,0.07037112575988519,20.0,0.06218956074033372
0.4,0.2,lambda-alpha1,-0.11023008869948346,-90.0,0.0759329366908806
0.4,0.2,lambda-alpha2,-0.4010945951925617,0.0,-0.4010945951925617
0.4,0.2,lambda-mass_disk1,0.38056900108945096,-160.0,0.2522881291227943
0.4,0.2,lambda-mass_disk2,0.3998238721188148,0.0,0.3998238721188148
0.5,0.2,lambda-rmin1,0.12503378823365344,80.0,0.02904439738798792
0.5,0.2,lambda-rmin2,-0.1479432413838368,160.0,-0.04607957880080374
0.5,0.2,lambda-mdot1,0.3493540940323033,40.0,0.263327954819558
0.5,0.2,lambda-mdot2,0.47774432853285326,0.0,0.47774432853285326
0.5,0.2,rmin1-rmin2,0.3571780542012101,0.0,0.3571780542012101
0.5,0.2,mdot1-mdot2,0.9784455970362649,60.0,0.971797937000612
0.5,0.2,mdot1-rmin1,0.13353410479632907,100.0,0.12280558200793357
0.5,0.2,mdot1-rmin2,-0.24957603992207594,-160.0,-0.23004663145633472
0.5,0.2,mdot2-rmin1,0.1359276948388083,80.0,0.12014190567405808
0.5,0.2,mdot2-rmin2,-0.2529160970753815,-190.0,-0.22107090473520083
0.5,0.2,lambda-alpha1,0.2305396675453284,0.0,0.2305396675453284
0.5,0.2,lambda-alpha2,0.10838486874061527,90.0,0.05042148710003318
0.5,0.2,lambda-mass_disk1,0.3521809520272306,90.0,0.2545309875207527
0.5,0.2,lambda-mass_disk2,0.36154188773553503,0.0,0.36154188773553503
0.6,0.2,lambda-rmin1,-0.11677685624349866,170.0,-0.07002987786422037
0.6,0.2,lambda-rmin2,-0.16109858705709895,40.0,-0.07614345055461014
0.6,0.2,lambda-mdot1,0.635341927356988,50.0,0.49438808903065024
0.6,0.2,lambda-mdot2,0.6937953688513708,0.0,0.6937953688513708
0.6,0.2,rmin1-rmin2,0.5975487567975911,0.0,0.5975487567975911
0.6,0.2,mdot1-mdot2,0.9721468890958975,-50.0,0.9672101456153096
0.6,0.2,mdot1-rmin1,-0.10278224479685352,180.0,-0.07892692703191834
0.6,0.2,mdot1-rmin2,-0.15578890786376673,-60.0,-0.12655439961368603
0.6,0.2,mdot2-rmin1,-0.0948272122244999,170.0,-0.08806666712573571
0.6,0.2,mdot2-rmin2,-0.15477778177733995,-70.0,-0.12932488851113116
0.6,0.2,lambda-alpha1,-0.10626025571805368,0.0,-0.10626025571805368
0.6,0.2,lambda-alpha2,0.2593153737335103,-90.0,0.15202102791436642
0.6,0.2,lambda-mass_disk1,0.6372161631677027,10.0,0.5458657150064158
0.6,0.2,lambda-mass_disk2,0.6148635429180834,10.0,0.5873698448813807
0.8,0.2,lambda-rmin1,-0.12365008493384975,100.0,-0.08157789993591064
0.8,0.2,lambda-rmin2,0.08860665041080985,200.0,-0.051620387072142795
0.8,0.2,lambda-mdot1,-0.1297029881666309,0.0,-0.1297029881666309
0.8,0.2,lambda-mdot2,0.1839222471193303,0.0,0.1839222471193303
0.8,0.2,rmin1-rmin2,0.31002067944560885,0.0,0.31002067944560885
0.8,0.2,mdot1-mdot2,0.9487003315891306,-170.0,0.9478838293770032
0.8,0.2,mdot1-rmin1,-0.11770288515471854,-80.0,-0.09256418492800943
0.8,0.2,mdot1-rmin2,-0.37003181425617077,10.0,-0.3596672826836232
0.8,0.2,mdot2-rmin1,-0.12594502706479968,-100.0,-0.1196679780714474
0.8,0.2,mdot2-rmin2,-0.3757850114195854,0.0,-0.3757850114195854
0.8,0.2,lambda-alpha1,-0.2398103061911415,0.0,-0.2398103061911415
0.8,0.2,lambda-alpha2,-0.21253671114389674,60.0,-0.11332381215648298
0.8,0.2,lambda-mass_disk1,0.1014143106033876,-160.0,0.01869578852384379
0.8,0.2,lambda-mass_disk2,0.09942792314338905,-190.0,0.023213151072288406
0.0,0.3,lambda-rmin1,0.07998079048704354,150.0,-0.044274897125640936
0.0,0.3,lambda-rmin2,-0.05148750705544265,-160.0,0.01763678523522524
0.0,0.3,lambda-mdot1,-0.22741957831266266,0.0,-0.22741957831266266
0.0,0.3,lambda-mdot2,-0.11986593328877766,-130.0,-0.050494442318193916
0.0,0.3,rmin1-rmin2,0.8343845419078639,-140.0,-0.45965686866848604
0.0,0.3,mdot1-mdot2,0.987116106693732,30.0,0.9831249916162836
0.0,0.3,mdot1-rmin1,-0.02847075472816396,140.0,0.0037554993548612613
0.0,0.3,mdot1-rmin2,0.04746863693963928,170.0,0.007508687706434296
0.0,0.3,mdot2-rmin1,0.03163321767671938,-170.0,-0.0032803677292842647
0.0,0.3,mdot2-rmin2,0.04938366903998444,150.0,0.01007860353737922
0.0,0.3,lambda-alpha1,0.07779782535899223,-90.0,0.022098659079396146
0.0,0.3,lambda-alpha2,0.10143548609092519,-130.0,-0.029109798955146902
0.0,0.3,lambda-mass_disk1,-0.1964921149441067,0.0,-0.1964921149441067
0.0,0.3,lambda-mass_disk2,-0.1293949280442671,-120.0,-0.04400932764421148
0.1,0.3,lambda-rmin1,-0.5474165801155874,120.0,-0.029323847462116942
0.1,0.3,lambda-rmin2,-0.38211363264615816,-80.0,-0.10381284050867019
0.1,0.3,lambda-mdot1,-0.43368369828364534,20.0,-0.4235761849144247
0.1,0.3,lambda-mdot2,-0.3192271408247358,-180.0,0.21712716269642057
0.1,0.3,rmin1-rmin2,0.3855473264663718,-200.0,0.0649399867825961
0.1,0.3,mdot1-mdot2,0.7876060494091316,10.0,0.7737955242004333
0.1,0.3,mdot1-rmin1,-0.45084041238057976,-170.0,0.10999041655335205
0.1,0.3,mdot1-rmin2,0.3313094209258335,20.0,0.3031148055111586
0.1,0.3,mdot2-rmin1,-0.37061689175774737,-200.0,0.10111532421938178
0.1,0.3,mdot2-rmin2,0.3261489126513606,100.0,0.27577050902682865
0.1,0.3,lambda-alpha1,0.2441058212946193,0.0,0.2441058212946193
0.1,0.3,lambda-alpha2,-0.2800164736075937,30.0,-0.2653727417468456
0.1,0.3,lambda-mass_disk1,-0.39798236994752,0.0,-0.39798236994752
0.1,0.3,lambda-mass_disk2,0.3461324258309104,0.0,0.3461324258309104
0.2,0.3,lambda-rmin1,0.6482787739005766,-10.0,-0.3466415717839725
0.2,0.3,lambda-rmin2,0.4655518315781706,10.0,-0.1618707805441002
0.2,0.3,lambda-mdot1,0.14338809152362816,20.0,-0.04487344830298234
0.2,0.3,lambda-mdot2,0.578937335949363,0.0,0.578937335949363
0.2,0.3,rmin1-rmin2,-0.4769896217939879,-30.0,-0.17686835330859116
0.2,0.3,mdot1-mdot2,0.7908569631426136,-20.0,0.7798355169660433
0.2,0.3,mdot1-rmin1,0.045931398414066016,-100.0,0.025628606060748228
0.2,0.3,mdot1-rmin2,-0.18359446480279754,-20.0,-0.1690833428499317
0.2,0.3,mdot2-rmin1,0.4305263706771732,-10.0,-0.2083733773041455
0.2,0.3,mdot2-rmin2,-0.3922167005398759,-10.0,-0.21783750095650636
0.2,0.3,lambda-alpha1,-0.06773618367774388,200.0,0.021837300883496384
0.2,0.3,lambda-alpha2,-0.5829657369976798,0.0,-0.5829657369976798
0.2,0.3,lambda-mass_disk1,0.13804746542779567,10.0,-0.041591542118973215
0.2,0.3,lambda-mass_disk2,0.5154661288094637,0.0,0.5154661288094637
0.3,0.3,lambda-rmin1,-0.16512340022570415,0.0,-0.16512340022570415
0.3,0.3,lambda-rmin2,0.09722117466445368,90.0,0.045925592569522944
0.3,0.3,lambda-mdot1,-0.0310207306928117,-130.0,0.008729895967309699
0.3,0.3,lambda-mdot2,0.07760933555201618,0.0,0.07760933555201618
0.3,0.3,rmin1-rmin2,0.5680595696535587,0.0,0.5680595696535587
0.3,0.3,mdot1-mdot2,0.9975252520069912,0.0,0.9975252520069912
0.3,0.3,mdot1-rmin1,-0.31845560587571803,-80.0,-0.315508957919872
0.3,0.3,mdot1-rmin2,-0.18533471952620229,100.0,-0.17071259078576226
0.3,0.3,mdot2-rmin1,-0.32671935713166317,0.0,-0.32671935713166317
0.3,0.3,mdot2-rmin2,-0.1803856138113294,100.0,-0.1660411789244468
0.3,0.3,lambda-alpha1,-0.27572551426845415,0.0,-0.27572551426845415
0.3,0.3,lambda-alpha2,0.36900312373390487,0.0,0.36900312373390487
0.3,0.3,lambda-mass_disk1,-0.025609497633955074,-130.0,0.020730477440525003
0.3,0.3,lambda-mass_disk2,-0.0513464442064526,0.0,-0.0513464442064526
0.4,0.3,lambda-rmin1,-0.12928273778357216,-140.0,-0.10778622756335247
0.4,0.3,lambda-rmin2,0.1387867580677968,-130.0,0.10568256738243406
0.4,0.3,lambda-mdot1,-0.051034606185932516,0.0,-0.051034606185932516
0.4,0.3,lambda-mdot2,0.07879529171617673,0.0,0.07879529171617673
0.4,0.3,rmin1-rmin2,-0.18245201436411823,10.0,-0.149775256549409
0.4,0.3,mdot1-mdot2,0.9912032693260631,0.0,0.9912032693260631
0.4,0.3,mdot1-rmin1,-0.07353490285638231,20.0,-0.05517554836711049
0.4,0.3,mdot1-rmin2,0.12411506466379901,-50.0,0.12088085971010311
0.4,0.3,mdot2-rmin1,-0.06968705544149116,20.0,-0.06849648371726487
0.4,0.3,mdot2-rmin2,0.13669295730129924,0.0,0.13669295730129924
0.4,0.3,lambda-alpha1,-0.10196535335325825,190.0,0.041382649757883284
0.4,0.3,lambda-alpha2,-0.11921254118103244,0.0,-0.11921254118103244
0.4,0.3,lambda-mass_disk1,0.027932461657321203,-140.0,-0.025012915147278755
0.4,0.3,lambda-mass_disk2,0.09078755949421706,0.0,0.09078755949421706
0.5,0.3,lambda-rmin1,0.08854264162764498,130.0,0.015974987482234908
0.5,0.3,lambda-rmin2,-0.10603003191894418,-70.0,0.006310106327563009
0.5,0.3,lambda-mdot1,-0.21595149889304893,0.0,-0.21595149889304893
0.5,0.3,lambda-mdot2,-0.11037152483274577,-200.0,-0.0016376313347623913
0.5,0.3,rmin1-rmin2,-0.11529966824487017,-160.0,0.0824763563515283
0.5,0.3,mdot1-mdot2,0.975644442020826,0.0,0.975644442020826
0.5,0.3,mdot1-rmin1,-0.09654340129018052,-130.0,-0.07610251464221979
0.5,0.3,mdot1-rmin2,0.24102421785403771,70.0,0.23053579147225842
0.5,0.3,mdot2-rmin1,-0.09846994983338238,-130.0,-0.07883240777454703
0.5,0.3,mdot2-rmin2,0.24138114878846628,0.0,0.24138114878846628
0.5,0.3,lambda-alpha1,-0.10946339552126391,-70.0,0.02764869351218382
0.5,0.3,lambda-alpha2,0.08964545068583642,90.0,0.08553281247546221
0.5,0.3,lambda-mass_disk1,-0.17397618802362222,0.0,-0.17397618802362222
0.5,0.3,lambda-mass_disk2,-0.10246257094561877,-90.0,-0.05976802677537999
0.6,0.3,lambda-rmin1,-0.08849873285812296,-200.0,0.041973915310238114
0.6,0.3,lambda-rmin2,-0.09519728857744764,10.0,-0.04026721032033223
0.6,0.3,lambda-mdot1,-0.3028689242844149,0.0,-0.3028689242844149
0.6,0.3,lambda-mdot2,-0.1496849431755122,200.0,-0.04379282642492093
0.6,0.3,rmin1-rmin2,0.30935640625741634,0.0,0.30935640625741634
0.6,0.3,mdot1-mdot2,0.9631903418639334,0.0,0.9631903418639334
0.6,0.3,mdot1-rmin1,-0.052834577785691055,-180.0,-0.006140158672683087
0.6,0.3,mdot1-rmin2,0.05612874739602168,140.0,0.050118108290175524
0.6,0.3,mdot2-rmin1,-0.05387699186073458,-100.0,0.0028161386250541913
0.6,0.3,mdot2-rmin2,0.044816431791049875,200.0,0.040249296758296374
0.6,0.3,lambda-alpha1,0.10370818840776765,-140.0,0.055582372520549324
0.6,0.3,lambda-alpha2,-0.10580047522457216,-130.0,-0.04511894256037514
0.6,0.3,lambda-mass_disk1,-0.22202116305775238,0.0,-0.22202116305775238
0.6,0.3,lambda-mass_disk2,-0.15381722357427316,190.0,-0.10025314352913178
0.8,0.3,lambda-rmin1,-0.738674376562019,10.0,-0.7364002619295706
0.8,0.3,lambda-rmin2,0.4711124200467661,-200.0,-0.06938065460145038
0.8,0.3,lambda-mdot1,-0.6880415046983883,-20.0,-0.6727903071539132
0.8,0.3,lambda-mdot2,0.7718917499522147,0.0,0.7718917499522147
0.8,0.3,rmin1-rmin2,-0.3542211237686459,-200.0,0.29688464968714645
0.8,0.3,mdot1-mdot2,0.6898444633182939,-200.0,-0.167757098855286
0.8,0.3,mdot1-rmin1,0.6136101477516308,60.0,0.45736190444843056
0.8,0.3,mdot1-rmin2,-0.45459258321441326,-180.0,0.08017161371461294
0.8,0.3,mdot2-rmin1,-0.6232965055202981,0.0,-0.6232965055202981
0.8,0.3,mdot2-rmin2,0.3306398676562529,-200.0,-0.1354471261625443
0.8,0.3,lambda-alpha1,-0.7302246245702143,-10.0,-0.7272965747089746
0.8,0.3,lambda-alpha2,-0.5232691527303711,0.0,-0.5232691527303711
0.8,0.3,lambda-mass_disk1,0.6650770038239607,90.0,0.35566979882609884
0.8,0.3,lambda-mass_disk2,-0.5338685870708128,-120.0,-0.08638185957706715
0.0,0.4,lambda-rmin1,0.08943075393781685,-60.0,0.030112425339610973
0.0,0.4,lambda-rmin2,0.11642383232597571,110.0,0.034381108251609664
0.0,0.4,lambda-mdot1,-0.07561923231003792,0.0,-0.07561923231003792
0.0,0.4,lambda-mdot2,0.0883824257655325,0.0,0.0883824257655325
0.0,0.4,rmin1-rmin2,0.6954784179086907,160.0,-0.23405291744548562
0.0,0.4,mdot1-mdot2,0.9894475556569202,50.0,0.9859475233035208
0.0,0.4,mdot1-rmin1,0.04369169008282506,150.0,0.005832638614771557
0.0,0.4,mdot1-rmin2,0.04346985417488458,30.0,0.04041209404983833
0.0,0.4,mdot2-rmin1,0.0441310756560834,150.0,0.008766772298182493
0.0,0.4,mdot2-rmin2,0.04979562720788035,-200.0,0.046759643063910186
0.0,0.4,lambda-alpha1,-0.0787163775014826,-10.0,-0.045209310207526075
0.0,0.4,lambda-alpha2,-0.11282456233364846,60.0,0.014805392118870428
0.0,0.4,lambda-mass_disk1,-0.0686127374941637,0.0,-0.0686127374941637
0.0,0.4,lambda-mass_disk2,0.05686564911966668,-150.0,0.03538521608745894
0.1,0.4,lambda-rmin1,-0.6009926859209445,40.0,-0.5744092543893069
0.1,0.4,lambda-rmin2,-0.3867686655906536,-200.0,0.26773837292665936
0.1,0.4,lambda-mdot1,-0.24819145842255066,10.0,-0.18949237374694275
0.1,0.4,lambda-mdot2,0.32104175919627176,0.0,0.32104175919627176
0.1,0.4,rmin1-rmin2,0.36807852413811004,-200.0,-0.09544977841519264
0.1,0.4,mdot1-mdot2,0.8511564614132462,0.0,0.8511564614132462
0.1,0.4,mdot1-rmin1,-0.40402227420852266,-200.0,0.3499875357524845
0.1,0.4,mdot1-rmin2,-0.32942014034610795,200.0,0.3026567228705395
0.1,0.4,mdot2-rmin1,0.31158290483236245,200.0,-0.004074472466115157
0.1,0.4,mdot2-rmin2,0.4771058294512454,0.0,0.4771058294512454
0.1,0.4,lambda-alpha1,0.3042301805666733,40.0,0.26842309486016713
0.1,0.4,lambda-alpha2,-0.40763530082435867,0.0,-0.40763530082435867
0.1,0.4,lambda-mass_disk1,-0.29015298354177926,-200.0,-0.0418213399295386
0.1,0.4,lambda-mass_disk2,-0.4067129260997698,50.0,0.00036276691130523813
0.2,0.4,lambda-rmin1,-0.2534426163347005,-10.0,-0.24331712435202413
0.2,0.4,lambda-rmin2,-0.08920923970171458,-50.0,0.015029192175670787
0.2,0.4,lambda-mdot1,0.8586221798254415,-20.0,0.8507476664458794
0.2,0.4,lambda-mdot2,0.8900637443624155,0.0,0.8900637443624155
0.2,0.4,rmin1-rmin2,0.16896047024334082,0.0,0.16896047024334082
0.2,0.4,mdot1-mdot2,0.99621754109611,0.0,0.99621754109611
0.2,0.4,mdot1-rmin1,-0.21981946191545187,10.0,-0.20600844928395567
0.2,0.4,mdot1-rmin2,-0.06347618383506869,-180.0,-0.019516971129509324
0.2,0.4,mdot2-rmin1,-0.2254862959968444,-10.0,-0.2175158252062055
0.2,0.4,mdot2-rmin2,-0.05034243990865833,-180.0,-0.009573926276730354
0.2,0.4,lambda-alpha1,0.14500568462465951,-40.0,0.09150791537580578
0.2,0.4,lambda-alpha2,-0.35944545256156185,200.0,-0.2883985892280696
0.2,0.4,lambda-mass_disk1,0.8623911034759651,10.0,0.8573002271298744
0.2,0.4,lambda-mass_disk2,0.7818405863678771,20.0,0.7815608892673916
0.3,0.4,lambda-rmin1,-0.35873416430207145,-200.0,-0.2018941096747218
0.3,0.4,lambda-rmin2,-0.2704659383653446,-140.0,-0.10873400402261917
0.3,0.4,lambda-mdot1,0.5472009844563867,-200.0,0.49574916478026254
0.3,0.4,lambda-mdot2,0.5996270561641195,0.0,0.5996270561641195
0.3,0.4,rmin1-rmin2,0.7650375459962567,0.0,0.7650375459962567
0.3,0.4,mdot1-mdot2,0.9919563461002153,0.0,0.9919563461002153
0.3,0.4,mdot1-rmin1,-0.5169070058466156,-70.0,-0.5109620197668191
0.3,0.4,mdot1-rmin2,-0.43553782815578473,0.0,-0.43553782815578473
0.3,0.4,mdot2-rmin1,-0.5115441756285052,-90.0,-0.49661864402736755
0.3,0.4,mdot2-rmin2,-0.43012482998437107,-140.0,-0.4139088067331174
0.3,0.4,lambda-alpha1,0.06685016620210207,20.0,0.009607248686707008
0.3,0.4,lambda-alpha2,-0.19260295509214007,190.0,-0.016348278908026283
0.3,0.4,lambda-mass_disk1,0.5449394360444352,-160.0,0.4913944875460761
0.3,0.4,lambda-mass_disk2,0.5384732149994644,-150.0,0.47529428254345285
0.4,0.4,lambda-rmin1,0.06174360369180476,0.0,0.06174360369180476
0.4,0.4,lambda-rmin2,0.10424319963471261,30.0,0.07156086258943528
0.4,0.4,lambda-mdot1,0.7031840064971688,-20.0,0.6909325254350989
0.4,0.4,lambda-mdot2,0.7533082034810585,0.0,0.7533082034810585
0.4,0.4,rmin1-rmin2,0.3296013482393075,0.0,0.3296013482393075
0.4,0.4,mdot1-mdot2,0.9956781907146854,0.0,0.9956781907146854
0.4,0.4,mdot1-rmin1,0.024125523072089823,190.0,0.005086093019135591
0.4,0.4,mdot1-rmin2,0.05655268143380798,0.0,0.05655268143380798
0.4,0.4,mdot2-rmin1,0.021474059981788453,10.0,0.012153925720930658
0.4,0.4,mdot2-rmin2,0.05971175867597599,0.0,0.05971175867597599
0.4,0.4,lambda-alpha1,-0.181300017756998,200.0,-0.08490407843303147
0.4,0.4,lambda-alpha2,-0.16013283436846845,-10.0,-0.15473023845614345
0.4,0.4,lambda-mass_disk1,0.699964677602633,10.0,0.6853757295688442
0.4,0.4,lambda-mass_disk2,0.6876435159746083,-10.0,0.6441077437617541
0.5,0.4,lambda-rmin1,-0.080228512709237,-150.0,-0.03798811016392734
0.5,0.4,lambda-rmin2,-0.07687728715165326,-140.0,0.03646548407688557
0.5,0.4,lambda-mdot1,0.3405152936520604,-20.0,0.28757609496950093
0.5,0.4,lambda-mdot2,0.44548063845531327,0.0,0.44548063845531327
0.5,0.4,rmin1-rmin2,0.5847582292901938,10.0,0.3061223621031525
0.5,0.4,mdot1-mdot2,0.9848799414955266,0.0,0.9848799414955266
0.5,0.4,mdot1-rmin1,0.028427208718325644,30.0,0.0011350689679019905
0.5,0.4,mdot1-rmin2,-0.062069547502948824,170.0,0.021457874271436455
0.5,0.4,mdot2-rmin1,0.030126915545085623,140.0,-0.0036307654672314764
0.5,0.4,mdot2-rmin2,-0.06834757165354223,170.0,0.0256170068202573
0.5,0.4,lambda-alpha1,0.1114247954708498,180.0,0.08364206911108839
0.5,0.4,lambda-alpha2,-0.18687958002886992,-80.0,-0.09728687883670362
0.5,0.4,lambda-mass_disk1,0.34055037239835667,-10.0,0.30102376366091
0.5,0.4,lambda-mass_disk2,0.299378191107093,160.0,0.2945607108769367
0.6,0.4,lambda-rmin1,-0.09952218891320581,140.0,-0.04595158692712396
0.6,0.4,lambda-rmin2,-0.16581186407073648,10.0,-0.12812321126193096
0.6,0.4,lambda-mdot1,-0.10574356481963082,0.0,-0.10574356481963082
0.6,0.4,lambda-mdot2,0.08124621767730456,0.0,0.08124621767730456
0.6,0.4,rmin1-rmin2,0.1992380793527127,0.0,0.1992380793527127
0.6,0.4,mdot1-mdot2,0.981631069980442,0.0,0.981631069980442
0.6,0.4,mdot1-rmin1,-0.08092187911376925,-170.0,-0.051751090819158754
0.6,0.4,mdot1-rmin2,-0.07806317402131062,-70.0,-0.005512285607920507
0.6,0.4,mdot2-rmin1,-0.07835471416962715,-170.0,-0.06346824357834538
0.6,0.4,mdot2-rmin2,-0.07000016437014946,-110.0,-0.027210091126983065
0.6,0.4,lambda-alpha1,-0.08693238800949155,90.0,-0.07645985913759754
0.6,0.4,lambda-alpha2,-0.11019472786618359,170.0,0.046158755673058126
0.6,0.4,lambda-mass_disk1,0.072906747953526,-190.0,-0.040408120932482576
0.6,0.4,lambda-mass_disk2,0.07598445532566557,190.0,0.0008900385598203591
0.8,0.4,lambda-rmin1,0.6305965480555529,-70.0,-0.5808312578619461
0.8,0.4,lambda-rmin2,0.81844219015225,80.0,-0.09900084837024033
0.8,0.4,lambda-mdot1,-0.6988032940530462,-10.0,-0.6921500394685763
0.8,0.4,lambda-mdot2,0.7525168227916017,10.0,0.7302853650205271
0.8,0.4,rmin1-rmin2,-0.5070567911930703,40.0,-0.4047252406588796
0.8,0.4,mdot1-mdot2,0.8669971644806678,-90.0,-0.17117804034305886
0.8,0.4,mdot1-rmin1,-0.5230945096047357,-80.0,0.14392697469070287
0.8,0.4,mdot1-rmin2,-0.7158083291555685,110.0,0.41275385469746273
0.8,0.4,mdot2-rmin1,-0.6191697601849776,10.0,-0.594459479617875
0.8,0.4,mdot2-rmin2,0.8290854224932799,60.0,0.34957161633725187
0.8,0.4,lambda-alpha1,0.7697224639460937,-150.0,-0.7099831292057383
0.8,0.4,lambda-alpha2,0.4999660241356193,-130.0,-0.4593154661909911
0.8,0.4,lambda-mass_disk1,0.7060588852027306,60.0,0.11823416459971815
0.8,0.4,lambda-mass_disk2,0.644563766412643,80.0,-0.2827874854390785
0.0,0.5,lambda-rmin1,-0.07954177771454363,110.0,0.014030200099933067
0.0,0.5,lambda-rmin2,-0.07069759557740313,-50.0,0.006149558220871496
0.0,0.5,lambda-mdot1,-0.16924495423237154,0.0,-0.16924495423237154
0.0,0.5,lambda-mdot2,-0.10446975757136007,-170.0,-0.05800725067168947
0.0,0.5,rmin1-rmin2,0.7923298269799374,160.0,-0.1542061881635488
0.0,0.5,mdot1-mdot2,0.9934184766803313,0.0,0.9934184766803313
0.0,0.5,mdot1-rmin1,0.03742603150870708,-110.0,0.0076580605003285455
0.0,0.5,mdot1-rmin2,0.05375165428450346,160.0,0.016790048862281793
0.0,0.5,mdot2-rmin1,0.03533339745455483,-170.0,0.009727414869674069
0.0,0.5,mdot2-rmin2,0.052484021447253226,160.0,0.018626825671972276
0.0,0.5,lambda-alpha1,0.10320324097585798,-70.0,-0.000550125341775062
0.0,0.5,lambda-alpha2,-0.07276455410990203,-200.0,0.023356928351101862
0.0,0.5,lambda-mass_disk1,-0.15204944415933394,0.0,-0.15204944415933394
0.0,0.5,lambda-mass_disk2,-0.11850145560107407,-140.0,-0.06014493156972545
0.1,0.5,lambda-rmin1,-0.7642056661427958,0.0,-0.7642056661427958
0.1,0.5,lambda-rmin2,0.5005753603852622,0.0,0.5005753603852622
0.1,0.5,lambda-mdot1,0.3089066685490994,200.0,-0.24126816168898227
0.1,0.5,lambda-mdot2,0.4643697087087536,0.0,0.4643697087087536
0.1,0.5,rmin1-rmin2,-0.34003483493319886,80.0,-0.15762323072868464
0.1,0.5,mdot1-mdot2,0.7210984938726971,0.0,0.7210984938726971
0.1,0.5,mdot1-rmin1,0.4692661087371028,0.0,0.4692661087371028
0.1,0.5,mdot1-rmin2,-0.2814263411149819,200.0,0.24120372444068977
0.1,0.5,mdot2-rmin1,-0.32027952214162386,-120.0,-0.13389126104296092
0.1,0.5,mdot2-rmin2,0.5909752911390911,0.0,0.5909752911390911
0.1,0.5,lambda-alpha1,0.543009126981659,10.0,0.4944884467240991
0.1,0.5,lambda-alpha2,-0.5510261864913342,0.0,-0.5510261864913342
0.1,0.5,lambda-mass_disk1,0.25873812689055603,200.0,-0.006223179901891974
0.1,0.5,lambda-mass_disk2,-0.6058781838072087,10.0,-0.3751599271127234
0.2,0.5,lambda-rmin1,-0.2858870658955762,-10.0,-0.16438375010037126
0.2,0.5,lambda-rmin2,0.30062894722152084,0.0,0.30062894722152084
0.2,0.5,lambda-mdot1,0.700716789818607,10.0,0.686509644783853
0.2,0.5,lambda-mdot2,0.7253191236437316,0.0,0.7253191236437316
0.2,0.5,rmin1-rmin2,-0.13319839228059852,150.0,0.05143207337769654
0.2,0.5,mdot1-mdot2,0.998408882893989,0.0,0.998408882893989
0.2,0.5,mdot1-rmin1,-0.2581333287700769,-10.0,-0.2501265778915511
0.2,0.5,mdot1-rmin2,0.2237288515128708,-60.0,0.21621458296277998
0.2,0.5,mdot2-rmin1,-0.2663529646163944,-10.0,-0.2484566790622481
0.2,0.5,mdot2-rmin2,0.22856281650020585,0.0,0.22856281650020585
0.2,0.5,lambda-alpha1,0.20736462063727484,0.0,0.20736462063727484
0.2,0.5,lambda-alpha2,-0.6338366715803241,-10.0,-0.5124423101112595
0.2,0.5,lambda-mass_disk1,0.7066884368118858,10.0,0.7064139438925344
0.2,0.5,lambda-mass_disk2,0.7983340550582103,-10.0,0.7271044848967624
0.3,0.5,lambda-rmin1,-0.31708074474902326,-10.0,-0.23855954556482073
0.3,0.5,lambda-rmin2,-0.12699492812689997,0.0,-0.12699492812689997
0.3,0.5,lambda-mdot1,0.16880512711486056,10.0,0.09598053701264533
0.3,0.5,lambda-mdot2,0.3810366725024254,0.0,0.3810366725024254
0.3,0.5,rmin1-rmin2,0.6268754620644171,0.0,0.6268754620644171
0.3,0.5,mdot1-mdot2,0.9551239012143251,0.0,0.9551239012143251
0.3,0.5,mdot1-rmin1,-0.44677184460535263,-10.0,-0.35095664402527876
0.3,0.5,mdot1-rmin2,-0.3693426757738217,60.0,-0.3623056943987871
0.3,0.5,mdot2-rmin1,-0.5065882529832688,-10.0,-0.3928603855490281
0.3,0.5,mdot2-rmin2,-0.3640576347724847,60.0,-0.36280545758954613
0.3,0.5,lambda-alpha1,0.5308373274405115,0.0,0.5308373274405115
0.3,0.5,lambda-alpha2,0.6035025729466705,0.0,0.6035025729466705
0.3,0.5,lambda-mass_disk1,0.34666257882230717,0.0,0.34666257882230717
0.3,0.5,lambda-mass_disk2,-0.606532232849128,0.0,-0.606532232849128
0.4,0.5,lambda-rmin1,0.31476836292764027,-10.0,0.3097840845105087
0.4,0.5,lambda-rmin2,0.8724924904026603,60.0,0.8235499667212356
0.4,0.5,lambda-mdot1,-0.36117412693995116,-30.0,-0.359764542507703
0.4,0.5,lambda-mdot2,0.5122928016949364,0.0,0.5122928016949364
0.4,0.5,rmin1-rmin2,0.42380476009784024,0.0,0.42380476009784024
0.4,0.5,mdot1-mdot2,0.7115650508172611,-200.0,0.601572349016524
0.4,0.5,mdot1-rmin1,-0.30199991201028387,0.0,-0.30199991201028387
0.4,0.5,mdot1-rmin2,-0.4188572722194457,60.0,-0.3342968194355254
0.4,0.5,mdot2-rmin1,-0.09165725908865394,-190.0,-0.011433858812303696
0.4,0.5,mdot2-rmin2,0.37819093709880264,30.0,0.37173684941898205
0.4,0.5,lambda-alpha1,-0.28920778814907055,160.0,-0.17873386349609321
0.4,0.5,lambda-alpha2,-0.2958090262582244,100.0,-0.22050898406196265
0.4,0.5,lambda-mass_disk1,0.18721798738547216,200.0,-0.10536239644692695
0.4,0.5,lambda-mass_disk2,0.48541885177615024,100.0,0.3731475337014954
0.5,0.5,lambda-rmin1,-0.1393753268533482,-200.0,0.008595124383497089
0.5,0.5,lambda-rmin2,-0.22461432479659688,-140.0,-0.16833492550662316
0.5,0.5,lambda-mdot1,-0.3300196010974725,0.0,-0.3300196010974725
0.5,0.5,lambda-mdot2,-0.2600240925814959,10.0,-0.18371742783887632
0.5,0.5,rmin1-rmin2,0.2626914862827847,0.0,0.2626914862827847
0.5,0.5,mdot1-mdot2,0.988545702038811,10.0,0.9878595661038496
0.5,0.5,mdot1-rmin1,0.2115939893058556,80.0,0.20226977623359588
0.5,0.5,mdot1-rmin2,0.7340730773705821,0.0,0.7340730773705821
0.5,0.5,mdot2-rmin1,0.214144703385204,10.0,0.21374929305466903
0.5,0.5,mdot2-rmin2,0.7397398524390654,0.0,0.7397398524390654
0.5,0.5,lambda-alpha1,0.12022979528645365,180.0,-0.10197281353880351
0.5,0.5,lambda-alpha2,0.14271597686026755,140.0,0.1260945259181024
0.5,0.5,lambda-mass_disk1,-0.32255836233640867,0.0,-0.32255836233640867
0.5,0.5,lambda-mass_disk2,-0.26254460098576865,10.0,-0.2279058330190437
0.6,0.5,lambda-rmin1,-0.6539910187373563,60.0,-0.5986695550001423
0.6,0.5,lambda-rmin2,0.8908256137445771,50.0,0.7281709576940624
0.6,0.5,lambda-mdot1,-0.8621592144776685,0.0,-0.8621592144776685
0.6,0.5,lambda-mdot2,0.7873664574339594,0.0,0.7873664574339594
0.6,0.5,rmin1-rmin2,-0.7286182232370019,20.0,-0.6935763091496974
0.6,0.5,mdot1-mdot2,0.6042144780537149,190.0,-0.5302500744279935
0.6,0.5,mdot1-rmin1,0.7409988586208084,50.0,0.5944112763624815
0.6,0.5,mdot1-rmin2,-0.821148414899042,50.0,-0.6756848749730533
0.6,0.5,mdot2-rmin1,-0.5410975564091872,30.0,-0.4958119572390048
0.6,0.5,mdot2-rmin2,0.7459254996787217,50.0,0.5783083887114442
0.6,0.5,lambda-alpha1,0.5651351391029983,200.0,-0.004855614400983293
0.6,0.5,lambda-alpha2,-0.4445323069322889,0.0,-0.4445323069322889
0.6,0.5,lambda-mass_disk1,0.3019158532678919,60.0,0.18767312089050184
0.6,0.5,lambda-mass_disk2,-0.36976775287620756,170.0,0.09734756143561958
0.8,0.5,lambda-rmin1,0.8762802692973772,-50.0,-0.20524118269433697
0.8,0.5,lambda-rmin2,-0.7954299997670808,-60.0,-0.10769273581657365
0.8,0.5,lambda-mdot1,-0.7235935462841626,0.0,-0.7235935462841626
0.8,0.5,lambda-mdot2,0.7618535328369125,0.0,0.7618535328369125
0.8,0.5,rmin1-rmin2,-0.7546383856121713,-10.0,-0.7535217786341402
0.8,0.5,mdot1-mdot2,0.8000586744131921,-90.0,-0.33628344587660775
0.8,0.5,mdot1-rmin1,-0.6932273115419788,-50.0,-0.04612509449125487
0.8,0.5,mdot1-rmin2,0.678545367356666,-50.0,0.35780445766188335
0.8,0.5,mdot2-rmin1,0.6973822102882017,-60.0,-0.31158307376035355
0.8,0.5,mdot2-rmin2,0.8765363351917893,60.0,0.23473700273813883
0.8,0.5,lambda-alpha1,-0.7081505928517827,0.0,-0.7081505928517827
0.8,0.5,lambda-alpha2,0.6141494729142402,-50.0,-0.2752064078658896
0.8,0.5,lambda-mass_disk1,0.7525476379601598,40.0,0.1738441840877585
0.8,0.5,lambda-mass_disk2,0.5134232826486653,60.0,-0.421958260271915
0.0,0.6,lambda-rmin1,0.12085729659480769,200.0,0.08150153832187577
0.0,0.6,lambda-rmin2,-0.12239072047143058,140.0,0.05977803335432154
0.0,0.6,lambda-mdot1,0.16548532201055813,-190.0,0.07916374072993274
0.0,0.6,lambda-mdot2,0.1757068048412939,0.0,0.1757068048412939
0.0,0.6,rmin1-rmin2,0.6983809408837961,-110.0,-0.14062924410569275
0.0,0.6,mdot1-mdot2,0.9949992072139348,0.0,0.9949992072139348
0.0,0.6,mdot1-rmin1,0.03199533635267592,-20.0,0.021723086703938
0.0,0.6,mdot1-rmin2,-0.018969983796903622,10.0,-0.015606857904288242
0.0,0.6,mdot2-rmin1,0.03833807949276732,200.0,0.02937499398598483
0.0,0.6,mdot2-rmin2,-0.017488797803380574,-50.0,-0.009574412879081015
0.0,0.6,lambda-alpha1,-0.08599882179520753,200.0,-0.022820993100486905
0.0,0.6,lambda-alpha2,-0.0708636446488083,-190.0,-0.057274129959981886
0.0,0.6,lambda-mass_disk1,0.17676298923788034,60.0,0.10210869357623494
0.0,0.6,lambda-mass_disk2,0.17750914329880585,-120.0,0.14662978671819804
0.1,0.6,lambda-rmin1,-0.7641918871278076,0.0,-0.7641918871278076
0.1,0.6,lambda-rmin2,0.5042496676275328,0.0,0.5042496676275328
0.1,0.6,lambda-mdot1,-0.4074353240237673,10.0,-0.38693537831297964
0.1,0.6,lambda-mdot2,0.4938121290491355,0.0,0.4938121290491355
0.1,0.6,rmin1-rmin2,-0.300909815509951,30.0,-0.1662765678413771
0.1,0.6,mdot1-mdot2,0.5730841266787393,0.0,0.5730841266787393
0.1,0.6,mdot1-rmin1,0.5549956323550654,0.0,0.5549956323550654
0.1,0.6,mdot1-rmin2,-0.20704577866717075,-70.0,0.12579035158160126
0.1,0.6,mdot2-rmin1,-0.32162904150600713,-100.0,-0.16992676144263522
0.1,0.6,mdot2-rmin2,0.5786235589113513,0.0,0.5786235589113513
0.1,0.6,lambda-alpha1,0.684676629531006,20.0,0.6488891339605722
0.1,0.6,lambda-alpha2,-0.5668922994164594,0.0,-0.5668922994164594
0.1,0.6,lambda-mass_disk1,0.251670202772002,200.0,-0.13103571646486764
0.1,0.6,lambda-mass_disk2,-0.6823296451111662,20.0,-0.5499926930088104
0.2,0.6,lambda-rmin1,0.42511238633298976,20.0,-0.2919773758836484
0.2,0.6,lambda-rmin2,0.4915960029075899,0.0,0.4915960029075899
0.2,0.6,lambda-mdot1,-0.18775826188095254,-10.0,-0.09042602970153102
0.2,0.6,lambda-mdot2,-0.21902133487942527,-20.0,0.0489220694815003
0.2,0.6,rmin1-rmin2,0.3298542814965054,-20.0,0.002565879691347247
0.2,0.6,mdot1-mdot2,0.9898423010486719,0.0,0.9898423010486719
0.2,0.6,mdot1-rmin1,-0.26092392204485493,-20.0,-0.15062976095492583
0.2,0.6,mdot1-rmin2,0.09409439305185605,-10.0,0.07016143165853637
0.2,0.6,mdot2-rmin1,-0.28456733247700533,-10.0,-0.18689731837862114
0.2,0.6,mdot2-rmin2,0.1376719051085979,0.0,0.1376719051085979
0.2,0.6,lambda-alpha1,0.3657139474663771,0.0,0.3657139474663771
0.2,0.6,lambda-alpha2,0.4675854226086409,10.0,0.34833160280141356
0.2,0.6,lambda-mass_disk1,-0.2213265573873178,-20.0,-0.004780077643042504
0.2,0.6,lambda-mass_disk2,-0.6147005314846024,10.0,-0.456915985706182
0.3,0.6,lambda-rmin1,-0.21466102623394645,-10.0,-0.13738600743822227
0.3,0.6,lambda-rmin2,-0.1574710123766706,-30.0,0.06712386305670509
0.3,0.6,lambda-mdot1,0.3176769896477388,-50.0,0.25356815654553705
0.3,0.6,lambda-mdot2,0.3528551083470572,0.0,0.3528551083470572
0.3,0.6,rmin1-rmin2,0.19284427412345778,-20.0,0.059418204716916265
0.3,0.6,mdot1-mdot2,0.9942446547714877,0.0,0.9942446547714877
0.3,0.6,mdot1-rmin1,-0.38968167579071694,-10.0,-0.270723338994451
0.3,0.6,mdot1-rmin2,-0.21353298308086147,20.0,-0.08656992652789168
0.3,0.6,mdot2-rmin1,-0.40156255374795613,-10.0,-0.27637062167063503
0.3,0.6,mdot2-rmin2,-0.2145894168011355,20.0,-0.0774549700856369
0.3,0.6,lambda-alpha1,-0.14943054032536454,-10.0,-0.10729410295500566
0.3,0.6,lambda-alpha2,-0.14641758117738754,-120.0,-0.032612950066963
0.3,0.6,lambda-mass_disk1,0.31631573904943777,-60.0,0.29083930377676553
0.3,0.6,lambda-mass_disk2,0.35527980596626135,-10.0,0.23344489436797608
0.4,0.6,lambda-rmin1,-0.12897263044813886,-180.0,0.11545807958705814
0.4,0.6,lambda-rmin2,0.7548716639950899,90.0,0.47255890672303236
0.4,0.6,lambda-mdot1,-0.7507524496205149,0.0,-0.7507524496205149
0.4,0.6,lambda-mdot2,0.7108064817446049,0.0,0.7108064817446049
0.4,0.6,rmin1-rmin2,0.1974572644785971,-180.0,0.12070700280253012
0.4,0.6,mdot1-mdot2,-0.4181144465682487,40.0,-0.33287138419914886
0.4,0.6,mdot1-rmin1,0.2306319586412846,110.0,-0.19707496041855765
0.4,0.6,mdot1-rmin2,-0.6537079184273371,110.0,-0.4072568243842847
0.4,0.6,mdot2-rmin1,-0.17502230479303627,50.0,-0.10562065869370192
0.4,0.6,mdot2-rmin2,0.6296477231246235,70.0,0.47729319276357424
0.4,0.6,lambda-alpha1,0.4033343410255601,-180.0,-0.12380108351135005
0.4,0.6,lambda-alpha2,0.6421479385273878,-40.0,0.615771453768243
0.4,0.6,lambda-mass_disk1,-0.25469702876335265,-40.0,-0.24726218860928723
0.4,0.6,lambda-mass_disk2,-0.7553919550560036,-90.0,-0.5364652371003188
0.5,0.6,lambda-rmin1,-0.19009757657505458,0.0,-0.19009757657505458
0.5,0.6,lambda-rmin2,0.4381345318970498,30.0,0.3872802807734207
0.5,0.6,lambda-mdot1,-0.37490043328811645,0.0,-0.37490043328811645
0.5,0.6,lambda-mdot2,0.3360431434951849,0.0,0.3360431434951849
0.5,0.6,rmin1-rmin2,0.17967846938687132,0.0,0.17967846938687132
0.5,0.6,mdot1-mdot2,0.8579570323228345,-60.0,0.7341849426843018
0.5,0.6,mdot1-rmin1,-0.12093549653242626,140.0,-0.023237457373960844
0.5,0.6,mdot1-rmin2,-0.2278782038859224,30.0,-0.15881929879942233
0.5,0.6,mdot2-rmin1,-0.16677883134714927,0.0,-0.16677883134714927
0.5,0.6,mdot2-rmin2,-0.199939532557998,-80.0,0.1177202095322395
0.5,0.6,lambda-alpha1,0.15885583697687827,-80.0,-0.1466388992540846
0.5,0.6,lambda-alpha2,0.17993609493288354,0.0,0.17993609493288354
0.5,0.6,lambda-mass_disk1,-0.24450621957622043,0.0,-0.24450621957622043
0.5,0.6,lambda-mass_disk2,-0.40411078071439827,0.0,-0.40411078071439827
0.6,0.6,lambda-rmin1,-0.7447798760678251,70.0,-0.6102399743501791
0.6,0.6,lambda-rmin2,0.912345163644267,60.0,0.6228187778052672
0.6,0.6,lambda-mdot1,-0.8535712119041214,0.0,-0.8535712119041214
0.6,0.6,lambda-mdot2,0.8929748009915074,0.0,0.8929748009915074
0.6,0.6,rmin1-rmin2,-0.861978212402407,-10.0,-0.8562484565951823
0.6,0.6,mdot1-mdot2,0.7634547584597017,200.0,-0.6897304597156815
0.6,0.6,mdot1-rmin1,0.7928170245687949,50.0,0.6188259130418998
0.6,0.6,mdot1-rmin2,-0.852678607093378,50.0,-0.6562650363693384
0.6,0.6,mdot2-rmin1,-0.6962427726537097,40.0,-0.576430275704221
0.6,0.6,mdot2-rmin2,0.8536462216770334,60.0,0.596372134292992
0.6,0.6,lambda-alpha1,0.6804327086077337,200.0,-0.13228179124488856
0.6,0.6,lambda-alpha2,-0.4403495185813156,0.0,-0.4403495185813156
0.6,0.6,lambda-mass_disk1,0.41194034032140125,70.0,0.13788062737275994
0.6,0.6,lambda-mass_disk2,-0.2995633371613885,-110.0,0.17358076712448697
0.8,0.6,lambda-rmin1,0.8595721991276996,-60.0,-0.10802734181142852
0.8,0.6,lambda-rmin2,0.8255154296814682,80.0,-0.1815098145447948
0.8,0.6,lambda-mdot1,-0.7623684179591569,0.0,-0.7623684179591569
0.8,0.6,lambda-mdot2,0.7526932370651354,0.0,0.7526932370651354
0.8,0.6,rmin1-rmin2,0.8749232442513073,140.0,-0.8183021160544163
0.8,0.6,mdot1-mdot2,0.8831181828605174,150.0,-0.48375550841752846
0.8,0.6,mdot1-rmin1,-0.6997955917648963,-60.0,-0.0004272569793946742
0.8,0.6,mdot1-rmin2,-0.740473593214099,80.0,0.24817002826518367
0.8,0.6,mdot2-rmin1,0.8418566722410569,-70.0,-0.11065782908645441
0.8,0.6,mdot2-rmin2,0.8525168580193871,70.0,0.005107414698813371
0.8,0.6,lambda-alpha1,0.6410057804714704,120.0,-0.5047453153730094
0.8,0.6,lambda-alpha2,0.7350870220606682,-40.0,-0.04156861703971154
0.8,0.6,lambda-mass_disk1,0.7536426035565086,40.0,0.2314149924384495
0.8,0.6,lambda-mass_disk2,-0.5540240493435211,0.0,-0.5540240493435211
0.0,0.7,lambda-rmin1,0.06236168967330691,-20.0,0.015468229199476428
0.0,0.7,lambda-rmin2,0.06818021654799368,-160.0,0.012093626088839793
0.0,0.7,lambda-mdot1,0.2791419329659342,10.0,0.22938993374271852
0.0,0.7,lambda-mdot2,0.3170001901514403,0.0,0.3170001901514403
0.0,0.7,rmin1-rmin2,0.8777111454480908,-140.0,-0.06672358343383424
0.0,0.7,mdot1-mdot2,0.9956445414530493,0.0,0.9956445414530493
0.0,0.7,mdot1-rmin1,0.023653382145144362,-140.0,0.0006696832755092489
0.0,0.7,mdot1-rmin2,0.048260583520900596,60.0,0.03606030129525079
0.0,0.7,mdot2-rmin1,0.027910374288993955,-140.0,0.0034968534187974657
0.0,0.7,mdot2-rmin2,0.0475212785963902,70.0,0.03754528158867086
0.0,0.7,lambda-alpha1,-0.10308915701518527,-160.0,-0.057970650547643596
0.0,0.7,lambda-alpha2,-0.09693490567781421,-140.0,0.021292275484182045
0.0,0.7,lambda-mass_disk1,0.27693738094218984,-180.0,0.21750876648384698
0.0,0.7,lambda-mass_disk2,0.2662403880886435,-190.0,0.2329532615191253
0.1,0.7,lambda-rmin1,-0.7494609123703759,0.0,-0.7494609123703759
0.1,0.7,lambda-rmin2,0.5352361753330465,-10.0,0.5156276867866033
0.1,0.7,lambda-mdot1,-0.4966317084549663,10.0,-0.4952156260441583
0.1,0.7,lambda-mdot2,0.542893397003168,0.0,0.542893397003168
0.1,0.7,rmin1-rmin2,0.3519632931072381,-200.0,-0.16491930958032408
0.1,0.7,mdot1-mdot2,0.5725468721627726,-200.0,0.4107920410419414
0.1,0.7,mdot1-rmin1,0.5942010485947808,0.0,0.5942010485947808
0.1,0.7,mdot1-rmin2,0.3486904861928879,-200.0,0.08467249926730822
0.1,0.7,mdot2-rmin1,-0.38723595078555206,-70.0,-0.23444628059833866
0.1,0.7,mdot2-rmin2,0.6344375460964763,0.0,0.6344375460964763
0.1,0.7,lambda-alpha1,0.6817983930611827,20.0,0.674152270914447
0.1,0.7,lambda-alpha2,-0.5609389777314856,0.0,-0.5609389777314856
0.1,0.7,lambda-mass_disk1,0.269360522715756,200.0,-0.19532249311886138
0.1,0.7,lambda-mass_disk2,-0.6268314666882164,10.0,-0.5357749087847069
0.2,0.7,lambda-rmin1,0.341736569160315,20.0,-0.11434373487067294
0.2,0.7,lambda-rmin2,0.39181382699568146,0.0,0.39181382699568146
0.2,0.7,lambda-mdot1,-0.2775671088679986,-10.0,-0.1795781966597579
0.2,0.7,lambda-mdot2,-0.31660950065766635,-20.0,-0.03862861313075678
0.2,0.7,rmin1-rmin2,-0.29995097034020074,10.0,-0.08704381143625418
0.2,0.7,mdot1-mdot2,0.9895267560988077,0.0,0.9895267560988077
0.2,0.7,mdot1-rmin1,-0.41139080318558746,-10.0,-0.3330863290903963
0.2,0.7,mdot1-rmin2,0.23437998712895053,-10.0,0.2201940145500035
0.2,0.7,mdot2-rmin1,-0.45713624466063363,-10.0,-0.35364379909672194
0.2,0.7,mdot2-rmin2,0.2807246612456212,0.0,0.2807246612456212
0.2,0.7,lambda-alpha1,0.3061798646777836,0.0,0.3061798646777836
0.2,0.7,lambda-alpha2,-0.35562585132502367,-20.0,0.15360192888295487
0.2,0.7,lambda-mass_disk1,-0.2978544997974538,-20.0,-0.09823341804789419
0.2,0.7,lambda-mass_disk2,-0.5609773941289912,10.0,-0.3556418406205593
0.3,0.7,lambda-rmin1,-0.4476756378580613,-10.0,-0.23951870121967941
0.3,0.7,lambda-rmin2,0.45116832326020023,0.0,0.45116832326020023
0.3,0.7,lambda-mdot1,0.17793935769821614,10.0,0.1191523508489754
0.3,0.7,lambda-mdot2,0.28376886626134046,0.0,0.28376886626134046
0.3,0.7,rmin1-rmin2,-0.26153757309743453,10.0,-0.11369025332572548
0.3,0.7,mdot1-mdot2,0.985369127391193,0.0,0.985369127391193
0.3,0.7,mdot1-rmin1,-0.3907971673442901,-20.0,-0.2941300553585346
0.3,0.7,mdot1-rmin2,-0.14315286725689913,10.0,-0.049450137939990174
0.3,0.7,mdot2-rmin1,-0.44825053965820133,-10.0,-0.32233300326929726
0.3,0.7,mdot2-rmin2,-0.1737266847956156,20.0,0.027870552211572974
0.3,0.7,lambda-alpha1,-0.4975034878532161,0.0,-0.4975034878532161
0.3,0.7,lambda-alpha2,0.2311580221550188,0.0,0.2311580221550188
0.3,0.7,lambda-mass_disk1,0.3008659177162409,0.0,0.3008659177162409
0.3,0.7,lambda-mass_disk2,0.1413600779032172,10.0,-0.07582066468871553
0.4,0.7,lambda-rmin1,-0.17796697615415413,60.0,-0.015610213345387761
0.4,0.7,lambda-rmin2,-0.5792078822214191,-200.0,0.20333272651517387
0.4,0.7,lambda-mdot1,-0.7407231938090074,0.0,-0.7407231938090074
0.4,0.7,lambda-mdot2,0.7889972594231872,0.0,0.7889972594231872
0.4,0.7,rmin1-rmin2,-0.22356876024666622,50.0,0.11063974213591454
0.4,0.7,mdot1-mdot2,0.4221154609311156,200.0,-0.4085911621130541
0.4,0.7,mdot1-rmin1,0.20084261048679522,100.0,-0.11624664812678057
0.4,0.7,mdot1-rmin2,-0.5334338017069725,120.0,-0.3014556476176667
0.4,0.7,mdot2-rmin1,-0.2581990022377782,50.0,-0.16581809682026993
0.4,0.7,mdot2-rmin2,-0.5370123212426102,-190.0,0.21433820673923454
0.4,0.7,lambda-alpha1,0.26235478473622337,-190.0,-0.02404663396326319
0.4,0.7,lambda-alpha2,0.6505358450348846,0.0,0.6505358450348846
0.4,0.7,lambda-mass_disk1,-0.22646148539773123,-170.0,-0.12957417936841198
0.4,0.7,lambda-mass_disk2,-0.5938531566048638,0.0,-0.5938531566048638
0.5,0.7,lambda-rmin1,-0.5215432618646363,40.0,-0.396233086345749
0.5,0.7,lambda-rmin2,0.6576373867104208,40.0,0.46270209593088746
0.5,0.7,lambda-mdot1,-0.7283714819012026,0.0,-0.7283714819012026
0.5,0.7,lambda-mdot2,0.8444096745547283,0.0,0.8444096745547283
0.5,0.7,rmin1-rmin2,-0.8081091691181009,10.0,-0.7794331663123091
0.5,0.7,mdot1-mdot2,-0.6381658462355057,10.0,-0.616710938232925
0.5,0.7,mdot1-rmin1,0.7316065472873761,40.0,0.4144390883339674
0.5,0.7,mdot1-rmin2,-0.7397612277257593,50.0,-0.4413344255185125
0.5,0.7,mdot2-rmin1,-0.6478598542334616,30.0,-0.538416382595727
0.5,0.7,mdot2-rmin2,0.744591065683365,40.0,0.5399864355909308
0.5,0.7,lambda-alpha1,0.2904949819626946,100.0,0.0629272874461743
0.5,0.7,lambda-alpha2,0.4692269068219595,-30.0,0.4688179657876917
0.5,0.7,lambda-mass_disk1,0.3502314943197619,50.0,-0.09249906257570886
0.5,0.7,lambda-mass_disk2,-0.4662753527124856,0.0,-0.4662753527124856
0.6,0.7,lambda-rmin1,-0.773691692046769,70.0,-0.6045238182915845
0.6,0.7,lambda-rmin2,0.9237368952520029,60.0,0.5560499669924958
0.6,0.7,lambda-mdot1,-0.8756688811969401,0.0,-0.8756688811969401
0.6,0.7,lambda-mdot2,0.9135777836900961,0.0,0.9135777836900961
0.6,0.7,rmin1-rmin2,-0.9096589879071615,10.0,-0.9055336110103083
0.6,0.7,mdot1-mdot2,0.8406311184630008,200.0,-0.7738106752719613
0.6,0.7,mdot1-rmin1,0.8120779823038665,40.0,0.6279942648757247
0.6,0.7,mdot1-rmin2,-0.8907321095449751,50.0,-0.617388952346636
0.6,0.7,mdot2-rmin1,-0.7521760533404669,40.0,-0.5983193035322438
0.6,0.7,mdot2-rmin2,0.8795686065195906,50.0,0.5778149044917433
0.6,0.7,lambda-alpha1,0.6523823532766166,190.0,-0.5259398778895831
0.6,0.7,lambda-alpha2,0.2626856332879679,-180.0,-0.1415324268497514
0.6,0.7,lambda-mass_disk1,-0.46891664796391913,-150.0,0.09102301834371902
0.6,0.7,lambda-mass_disk2,0.2221929004256402,-10.0,0.19132066853479318
0.8,0.7,lambda-rmin1,0.8679627534091551,-60.0,0.07867798281704261
0.8,0.7,lambda-rmin2,-0.7980535444919606,-60.0,-0.19015874894632515
0.8,0.7,lambda-mdot1,-0.7715975941220463,0.0,-0.7715975941220463
0.8,0.7,lambda-mdot2,0.7657637924054005,0.0,0.7657637924054005
0.8,0.7,rmin1-rmin2,0.8479817229133584,140.0,-0.824476051772086
0.8,0.7,mdot1-mdot2,0.8795022694172409,150.0,-0.5300640328524562
0.8,0.7,mdot1-rmin1,-0.731027098941691,-60.0,-0.14001997219777534
0.8,0.7,mdot1-rmin2,0.7459794147142615,-60.0,0.2055237027630881
0.8,0.7,mdot2-rmin1,0.8272582239366754,-60.0,0.10795266907882013
0.8,0.7,mdot2-rmin2,-0.8066129835766995,-60.0,-0.09437961900918859
0.8,0.7,lambda-alpha1,0.5919227128108644,110.0,-0.45927710978611874
0.8,0.7,lambda-alpha2,0.7973808794930055,-40.0,0.1002763667876095
0.8,0.7,lambda-mass_disk1,0.7666812112138464,40.0,0.21237123544351685
0.8,0.7,lambda-mass_disk2,0.5839357465207435,-90.0,-0.4786832041877167
0.0,0.8,lambda-rmin1,0.10321973406337022,200.0,0.030252203366700293
0.0,0.8,lambda-rmin2,0.08361976845333471,60.0,-0.008737967259512409
0.0,0.8,lambda-mdot1,0.3251150316763161,50.0,0.2708127270466144
0.0,0.8,lambda-mdot2,0.3561499860807339,0.0,0.3561499860807339
0.0,0.8,rmin1-rmin2,0.8920708360350876,150.0,-0.11387017191278566
0.0,0.8,mdot1-mdot2,0.9957401222610367,0.0,0.9957401222610367
0.0,0.8,mdot1-rmin1,0.05425856374671449,160.0,0.03251547635478084
0.0,0.8,mdot1-rmin2,0.06574432148442837,-110.0,0.042639337628284445
0.0,0.8,mdot2-rmin1,0.060256766779393824,170.0,0.03522126999805752
0.0,0.8,mdot2-rmin2,0.06674835505320237,-150.0,0.04225606074643842
0.0,0.8,lambda-alpha1,-0.10858237779804121,-20.0,-0.05740727886858206
0.0,0.8,lambda-alpha2,-0.12584457673899588,-160.0,0.0370732170389406
0.0,0.8,lambda-mass_disk1,0.3086956460982535,-200.0,0.2827112323479681
0.0,0.8,lambda-mass_disk2,0.310676631273478,-70.0,0.2727751167457919
0.1,0.8,lambda-rmin1,-0.6890832482846151,0.0,-0.6890832482846151
0.1,0.8,lambda-rmin2,0.6388111467316264,-10.0,0.636817897385576
0.1,0.8,lambda-mdot1,-0.44166461608880686,0.0,-0.44166461608880686
0.1,0.8,lambda-mdot2,0.6241724212624445,0.0,0.6241724212624445
0.1,0.8,rmin1-rmin2,-0.3585274381157863,50.0,-0.23090188820034918
0.1,0.8,mdot1-mdot2,0.40404737757002607,-200.0,0.36762057760792943
0.1,0.8,mdot1-rmin1,0.6168358566487245,0.0,0.6168358566487245
0.1,0.8,mdot1-rmin2,-0.31949444384070336,-70.0,-0.0076974676912312376
0.1,0.8,mdot2-rmin1,-0.37892811983936847,-90.0,-0.2093956617196312
0.1,0.8,mdot2-rmin2,0.6525056207228972,0.0,0.6525056207228972
0.1,0.8,lambda-alpha1,0.679252684115911,30.0,0.6313194342034686
0.1,0.8,lambda-alpha2,0.5806094029535079,-200.0,-0.5302706749738283
0.1,0.8,lambda-mass_disk1,-0.1694170835237101,70.0,-0.08779122010311377
0.1,0.8,lambda-mass_disk2,-0.46744785374585096,40.0,-0.39510121592484343
0.2,0.8,lambda-rmin1,0.40002680249387085,20.0,-0.22320766082734186
0.2,0.8,lambda-rmin2,0.390912090674274,0.0,0.390912090674274
0.2,0.8,lambda-mdot1,-0.4508503655791106,-10.0,-0.36538780010064925
0.2,0.8,lambda-mdot2,-0.44698362377169876,-10.0,-0.2460490710156471
0.2,0.8,rmin1-rmin2,-0.3139490748266571,10.0,-0.057640624356103475
0.2,0.8,mdot1-mdot2,0.9916738499947483,0.0,0.9916738499947483
0.2,0.8,mdot1-rmin1,-0.3860791963560314,-10.0,-0.25671590839615416
0.2,0.8,mdot1-rmin2,0.1491081051868861,-10.0,0.11571604287868549
0.2,0.8,mdot2-rmin1,-0.41338958075623305,-10.0,-0.2925114239066746
0.2,0.8,mdot2-rmin2,0.17464446927367383,0.0,0.17464446927367383
0.2,0.8,lambda-alpha1,-0.3128640350171014,-20.0,0.21623927835763682
0.2,0.8,lambda-alpha2,0.36581437355560414,10.0,0.15934020664803217
0.2,0.8,lambda-mass_disk1,-0.460479807463554,-10.0,-0.2973072204891392
0.2,0.8,lambda-mass_disk2,-0.5774022900898824,10.0,-0.403429826409804
0.3,0.8,lambda-rmin1,0.2832725842481774,-30.0,-0.022899904683178558
0.3,0.8,lambda-rmin2,-0.18896185937269772,-30.0,-0.07965026503377402
0.3,0.8,lambda-mdot1,-0.18496761469553127,-20.0,0.13147458672697343
0.3,0.8,lambda-mdot2,0.4584133695418994,0.0,0.4584133695418994
0.3,0.8,rmin1-rmin2,0.19465269257918952,-20.0,-0.049383120124246546
0.3,0.8,mdot1-mdot2,0.9395743330419569,0.0,0.9395743330419569
0.3,0.8,mdot1-rmin1,-0.3375502927020326,-10.0,-0.15005393987714166
0.3,0.8,mdot1-rmin2,-0.17760470660009398,10.0,-0.05797193675834892
0.3,0.8,mdot2-rmin1,-0.37887579170711866,-10.0,-0.13474865981921058
0.3,0.8,mdot2-rmin2,-0.21627130403388853,10.0,-0.0755344072670318
0.3,0.8,lambda-alpha1,0.20793532230879147,-30.0,0.1298177707235124
0.3,0.8,lambda-alpha2,0.16324029985291544,0.0,0.16324029985291544
0.3,0.8,lambda-mass_disk1,0.38864736784788656,0.0,0.38864736784788656
0.3,0.8,lambda-mass_disk2,-0.5879529684526705,0.0,-0.5879529684526705
0.4,0.8,lambda-rmin1,0.20780208237742565,-80.0,0.0038404753540100815
0.4,0.8,lambda-rmin2,-0.45145887498159315,-200.0,0.0814747136669042
0.4,0.8,lambda-mdot1,-0.7341935779870198,0.0,-0.7341935779870198
0.4,0.8,lambda-mdot2,0.7893122675166019,0.0,0.7893122675166019
0.4,0.8,rmin1-rmin2,-0.18868245038882367,40.0,0.09888572504867194
0.4,0.8,mdot1-mdot2,-0.39638177974705646,0.0,-0.39638177974705646
0.4,0.8,mdot1-rmin1,-0.20870010811581022,-180.0,-0.10895647269279654
0.4,0.8,mdot1-rmin2,-0.4026817299176207,100.0,-0.15631353054816896
0.4,0.8,mdot2-rmin1,0.21592845990482007,-80.0,-0.11226619889634054
0.4,0.8,mdot2-rmin2,-0.4088671616916616,-200.0,0.14455067889227546
0.4,0.8,lambda-alpha1,0.23579200526566516,-190.0,0.12966068141122222
0.4,0.8,lambda-alpha2,0.6192087819998543,0.0,0.6192087819998543
0.4,0.8,lambda-mass_disk1,-0.35420952092577174,-170.0,-0.16359278502105987
0.4,0.8,lambda-mass_disk2,-0.5723739992816377,0.0,-0.5723739992816377
0.5,0.8,lambda-rmin1,-0.778723393000412,40.0,-0.6728761121585562
0.5,0.8,lambda-rmin2,0.8822665965070842,30.0,0.6963709392464208
0.5,0.8,lambda-mdot1,-0.8533921079720233,0.0,-0.8533921079720233
0.5,0.8,lambda-mdot2,0.8564460027332058,0.0,0.8564460027332058
0.5,0.8,rmin1-rmin2,0.8885033607651617,190.0,-0.8547958466875428
0.5,0.8,mdot1-mdot2,0.8822583479386402,170.0,-0.7174078016891933
0.5,0.8,mdot1-rmin1,0.7664054940756491,40.0,0.5638032609635116
0.5,0.8,mdot1-rmin2,-0.8362576667124604,40.0,-0.6614510653019194
0.5,0.8,mdot2-rmin1,-0.7528401900862995,30.0,-0.6180619865907976
0.5,0.8,mdot2-rmin2,-0.8321055161248456,-140.0,0.538924265911273
0.5,0.8,lambda-alpha1,0.5922020812167647,160.0,-0.5216635571893291
0.5,0.8,lambda-alpha2,-0.70784330398133,160.0,0.6787704661261099
0.5,0.8,lambda-mass_disk1,-0.45080009930281234,140.0,0.14548559256762447
0.5,0.8,lambda-mass_disk2,0.47907132156879734,-170.0,-0.3002151432026483
0.6,0.8,lambda-rmin1,0.8919616819957775,-130.0,-0.5933202297364065
0.6,0.8,lambda-rmin2,-0.9412679151554473,-140.0,0.522068135063588
0.6,0.8,lambda-mdot1,0.8936226952298532,-190.0,-0.8724417140947532
0.6,0.8,lambda-mdot2,0.9206978896243603,0.0,0.9206978896243603
0.6,0.8,rmin1-rmin2,0.9279889166162988,200.0,-0.9231004870879834
0.6,0.8,mdot1-mdot2,0.9457342326406487,190.0,-0.80649214964754
0.6,0.8,mdot1-rmin1,0.8324309595109064,40.0,0.5760017485682459
0.6,0.8,mdot1-rmin2,0.8769377322507385,-150.0,-0.5655626458258208
0.6,0.8,mdot2-rmin1,-0.8218159240660352,40.0,-0.5988412978836597
0.6,0.8,mdot2-rmin2,0.8942298505655264,50.0,0.5623481869518222
0.6,0.8,lambda-alpha1,-0.718318640316156,-30.0,-0.6588694710085968
0.6,0.8,lambda-alpha2,0.34130567215959146,10.0,0.3299104608216578
0.6,0.8,lambda-mass_disk1,-0.433307920056858,-150.0,0.0615936243764224
0.6,0.8,lambda-mass_disk2,0.2664370248460613,-10.0,0.20977749644985116
0.8,0.8,lambda-rmin1,0.9061907325881232,-50.0,0.21957816931956742
0.8,0.8,lambda-rmin2,-0.8323076407163568,-50.0,-0.19186285352032562
0.8,0.8,lambda-mdot1,-0.7880829136193739,0.0,-0.7880829136193739
0.8,0.8,lambda-mdot2,0.7752622336181569,0.0,0.7752622336181569
0.8,0.8,rmin1-rmin2,-0.875455295421234,-10.0,-0.8379113486662874
0.8,0.8,mdot1-mdot2,0.8939468171895343,140.0,-0.5217002730934938
0.8,0.8,mdot1-rmin1,-0.7472610575307936,-50.0,-0.2162013973996514
0.8,0.8,mdot1-rmin2,0.7792400390795261,-60.0,0.22954790738759726
0.8,0.8,mdot2-rmin1,0.8254755536134246,-50.0,0.2528062544638545
0.8,0.8,mdot2-rmin2,0.8327964870302641,70.0,-0.0688627461346556
0.8,0.8,lambda-alpha1,0.6676915090350045,90.0,-0.4537395202749291
0.8,0.8,lambda-alpha2,0.7708788364233108,-30.0,0.24296810301710559
0.8,0.8,lambda-mass_disk1,0.8206610234881153,40.0,0.20082350297920415
0.8,0.8,lambda-mass_disk2,0.6575707306229497,-70.0,-0.3315431047923039
0.0,0.9,lambda-rmin1,0.10133070786398157,-150.0,0.0033099252479403393
0.0,0.9,lambda-rmin2,-0.08743456450085482,110.0,0.06859387885986924
0.0,0.9,lambda-mdot1,0.17421149538867012,-50.0,0.11843282161601232
0.0,0.9,lambda-mdot2,0.21633542916921417,0.0,0.21633542916921417
0.0,0.9,rmin1-rmin2,0.8443329104802841,160.0,-0.1505951176628021
0.0,0.9,mdot1-mdot2,0.994823285008321,0.0,0.994823285008321
0.0,0.9,mdot1-rmin1,0.03875194751217581,140.0,-0.009919842573180496
0.0,0.9,mdot1-rmin2,0.031146554407119147,-200.0,0.011655478620372093
0.0,0.9,mdot2-rmin1,0.04169545921076558,140.0,-0.00821024605094549
0.0,0.9,mdot2-rmin2,0.02677339359076822,-190.0,0.018484909132800775
0.0,0.9,lambda-alpha1,-0.1006536545672985,-120.0,0.006647052851919
0.0,0.9,lambda-alpha2,0.10783564006871843,130.0,0.00951650226260475
0.0,0.9,lambda-mass_disk1,0.189282344454063,-30.0,0.14910844808573961
0.0,0.9,lambda-mass_disk2,0.18208766668448859,-190.0,0.1283533382048193
0.1,0.9,lambda-rmin1,-0.6482526916289116,-10.0,-0.6422097619045317
0.1,0.9,lambda-rmin2,0.6624301009506521,-10.0,0.6593799483526
0.1,0.9,lambda-mdot1,-0.5089155798656075,0.0,-0.5089155798656075
0.1,0.9,lambda-mdot2,0.6321755001354485,0.0,0.6321755001354485
0.1,0.9,rmin1-rmin2,0.37605950563820445,-200.0,-0.19216101217507955
0.1,0.9,mdot1-mdot2,0.5193228135502406,-200.0,0.28358351870604825
0.1,0.9,mdot1-rmin1,0.6255009637186264,0.0,0.6255009637186264
0.1,0.9,mdot1-rmin2,-0.39868772370909666,-50.0,-0.039788701239048055
0.1,0.9,mdot2-rmin1,-0.37824145276734417,-70.0,-0.2013594312157856
0.1,0.9,mdot2-rmin2,0.6919761833227404,0.0,0.6919761833227404
0.1,0.9,lambda-alpha1,0.6516833528763032,30.0,0.6243908451523649
0.1,0.9,lambda-alpha2,-0.6155655625377515,0.0,-0.6155655625377515
0.1,0.9,lambda-mass_disk1,0.12559859057181424,-120.0,-0.0034243533351565355
0.1,0.9,lambda-mass_disk2,-0.32516379721210237,40.0,-0.21572105146287068
0.2,0.9,lambda-rmin1,0.2971439514541861,-20.0,-0.05077530234041189
0.2,0.9,lambda-rmin2,0.29061598640290554,0.0,0.29061598640290554
0.2,0.9,lambda-mdot1,-0.390082753970864,-10.0,-0.3304970468974481
0.2,0.9,lambda-mdot2,-0.3873365792755836,-10.0,-0.20669111933990633
0.2,0.9,rmin1-rmin2,0.22266138254946444,-10.0,0.11364830623706261
0.2,0.9,mdot1-mdot2,0.9912925935206541,0.0,0.9912925935206541
0.2,0.9,mdot1-rmin1,-0.4249243148996198,-20.0,-0.32097815447216926
0.2,0.9,mdot1-rmin2,-0.34645625230099253,-30.0,-0.25678903650492213
0.2,0.9,mdot2-rmin1,-0.42974466124612176,-10.0,-0.33402267679369596
0.2,0.9,mdot2-rmin2,-0.3529839174942335,20.0,-0.22979641459725525
0.2,0.9,lambda-alpha1,-0.32265889518708696,-10.0,0.16168168413360878
0.2,0.9,lambda-alpha2,0.20454283669490675,-30.0,0.18829949248301242
0.2,0.9,lambda-mass_disk1,-0.4241352051388762,-10.0,-0.23685086115963339
0.2,0.9,lambda-mass_disk2,-0.4069689250552054,0.0,-0.4069689250552054
0.3,0.9,lambda-rmin1,-0.23200913121784453,0.0,-0.23200913121784453
0.3,0.9,lambda-rmin2,-0.3076005795796233,0.0,-0.3076005795796233
0.3,0.9,lambda-mdot1,-0.22286285953550608,-10.0,-0.0982609738889239
0.3,0.9,lambda-mdot2,0.7697071258792355,0.0,0.7697071258792355
0.3,0.9,rmin1-rmin2,0.23994856796797806,0.0,0.23994856796797806
0.3,0.9,mdot1-mdot2,0.5352315624903491,-20.0,0.5202584594915578
0.3,0.9,mdot1-rmin1,-0.1464866104639361,-10.0,-0.03913789579472757
0.3,0.9,mdot1-rmin2,0.096317543380817,20.0,0.03509708499032425
0.3,0.9,mdot2-rmin1,-0.22362015602222654,-10.0,-0.21346551827436577
0.3,0.9,mdot2-rmin2,-0.25888137141276557,0.0,-0.25888137141276557
0.3,0.9,lambda-alpha1,0.2506843723975678,0.0,0.2506843723975678
0.3,0.9,lambda-alpha2,0.3524945639944899,0.0,0.3524945639944899
0.3,0.9,lambda-mass_disk1,0.28311824781319284,0.0,0.28311824781319284
0.3,0.9,lambda-mass_disk2,-0.5921069072397175,0.0,-0.5921069072397175
0.4,0.9,lambda-rmin1,0.22302031678551762,-180.0,-0.10197034078726062
0.4,0.9,lambda-rmin2,-0.4254213274226795,-170.0,-0.08716856766566637
0.4,0.9,lambda-mdot1,-0.7309908984907114,0.0,-0.7309908984907114
0.4,0.9,lambda-mdot2,0.8586816326573992,0.0,0.8586816326573992
0.4,0.9,rmin1-rmin2,0.20433995844315342,0.0,0.20433995844315342
0.4,0.9,mdot1-mdot2,-0.5085007895803272,0.0,-0.5085007895803272
0.4,0.9,mdot1-rmin1,-0.18594486254125764,-200.0,-0.15016628012508254
0.4,0.9,mdot1-rmin2,-0.4379825730934485,190.0,-0.06192676944734628
0.4,0.9,mdot2-rmin1,-0.2654627178166061,50.0,-0.17104668223115094
0.4,0.9,mdot2-rmin2,-0.4244695877249407,-190.0,-0.09399978050643513
0.4,0.9,lambda-alpha1,-0.10790310190906921,-20.0,0.025795310731958142
0.4,0.9,lambda-alpha2,0.5746303622562174,0.0,0.5746303622562174
0.4,0.9,lambda-mass_disk1,-0.13931164735132257,-200.0,-0.02860519892006399
0.4,0.9,lambda-mass_disk2,-0.6361713416824223,0.0,-0.6361713416824223
0.5,0.9,lambda-rmin1,-0.8575894623804087,30.0,-0.7224131435033739
0.5,0.9,lambda-rmin2,0.9026077845000694,30.0,0.6937380045785243
0.5,0.9,lambda-mdot1,0.8897821611185218,-190.0,-0.8868774172612357
0.5,0.9,lambda-mdot2,0.9007390827332836,0.0,0.9007390827332836
0.5,0.9,rmin1-rmin2,0.9706225068177449,190.0,-0.9334863208806681
0.5,0.9,mdot1-mdot2,0.9341413090823174,180.0,-0.7854744796526798
0.5,0.9,mdot1-rmin1,0.8120751042337434,40.0,0.6073197448642709
0.5,0.9,mdot1-rmin2,0.8408643834908064,-150.0,-0.6228918536980531
0.5,0.9,mdot2-rmin1,-0.8246315834264892,30.0,-0.6516179927538637
0.5,0.9,mdot2-rmin2,-0.8593600638697935,-150.0,0.5899000657571711
0.5,0.9,lambda-alpha1,0.6889677881296326,170.0,-0.5975023217493274
0.5,0.9,lambda-alpha2,0.7599665670584295,0.0,0.7599665670584295
0.5,0.9,lambda-mass_disk1,-0.553945638756865,150.0,0.21120476404051236
0.5,0.9,lambda-mass_disk2,0.4883667920429692,-180.0,-0.38358194744507246
0.6,0.9,lambda-rmin1,0.9342783893318011,-140.0,-0.6149986826377275
0.6,0.9,lambda-rmin2,0.9580358807421883,50.0,0.5837393603166415
0.6,0.9,lambda-mdot1,0.9177921905528277,-180.0,-0.8790444224726223
0.6,0.9,lambda-mdot2,0.9256370177296326,0.0,0.9256370177296326
0.6,0.9,rmin1-rmin2,0.970278006023194,190.0,-0.9350800439625879
0.6,0.9,mdot1-mdot2,0.9797670977606148,-190.0,-0.8217080009063567
0.6,0.9,mdot1-rmin1,0.862505646519924,50.0,0.56896508707965
0.6,0.9,mdot1-rmin2,0.8892108009734954,-140.0,-0.5797221590354511
0.6,0.9,mdot2-rmin1,0.8668508172201259,-130.0,-0.5925253713141265
0.6,0.9,mdot2-rmin2,0.9027151886308862,50.0,0.5832598896310253
0.6,0.9,lambda-alpha1,0.8350961011705397,180.0,-0.7535978715649766
0.6,0.9,lambda-alpha2,0.6071654911049694,-20.0,0.5830612884886062
0.6,0.9,lambda-mass_disk1,-0.2677138137616393,-150.0,-0.027242538124191567
0.6,0.9,lambda-mass_disk2,-0.22528315559214865,190.0,0.06578360880081678
0.8,0.9,lambda-rmin1,0.8918415105961561,-50.0,0.19672874311245037
0.8,0.9,lambda-rmin2,0.8774916890170786,70.0,-0.20865358813811177
0.8,0.9,lambda-mdot1,-0.8012757866243982,0.0,-0.8012757866243982
0.8,0.9,lambda-mdot2,-0.776322207576999,130.0,0.7349023046865277
0.8,0.9,rmin1-rmin2,0.9082639347206528,120.0,-0.8447817240396627
0.8,0.9,mdot1-mdot2,0.9371923617706476,130.0,-0.4942422627702622
0.8,0.9,mdot1-rmin1,0.7655246794473596,80.0,-0.18555490413996692
0.8,0.9,mdot1-rmin2,0.7926858916208488,200.0,0.25193579708675023
0.8,0.9,mdot2-rmin1,0.7863859213137889,-50.0,0.1929801017199127
0.8,0.9,mdot2-rmin2,0.8238592176105616,70.0,-0.041334731168740146
0.8,0.9,lambda-alpha1,0.7394266536456638,-160.0,-0.4097841893776652
0.8,0.9,lambda-alpha2,0.7514471913482631,-30.0,0.2921463600927345
0.8,0.9,lambda-mass_disk1,0.7922356297130698,50.0,0.10264737439916034
0.8,0.9,lambda-mass_disk2,0.6686291728101372,-70.0,-0.2973516516957846
0.0,1.0,lambda-rmin1,-0.0725213632331912,-110.0,0.061318887941812526
0.0,1.0,lambda-rmin2,0.06857184682948311,150.0,-0.043036402029961326
0.0,1.0,lambda-mdot1,-0.07928466632936011,0.0,-0.07928466632936011
0.0,1.0,lambda-mdot2,-0.050657744404644864,-20.0,0.026132994838836073
0.0,1.0,rmin1-rmin2,0.799582057234322,160.0,-0.1356385366850456
0.0,1.0,mdot1-mdot2,0.9941630257494972,0.0,0.9941630257494972
0.0,1.0,mdot1-rmin1,0.037624614222791335,200.0,0.01572315306727265
0.0,1.0,mdot1-rmin2,0.03805144909902477,80.0,0.019880522222856033
0.0,1.0,mdot2-rmin1,0.034981073755437166,200.0,0.022292344359419975
0.0,1.0,mdot2-rmin2,0.03528224198375613,80.0,0.015170951964792964
0.0,1.0,lambda-alpha1,0.09971714685137999,190.0,-0.019822885347777746
0.0,1.0,lambda-alpha2,0.10095635914758788,70.0,0.050968940067462554
0.0,1.0,lambda-mass_disk1,-0.05026767697839569,-20.0,-0.0318547358058598
0.0,1.0,lambda-mass_disk2,-0.06456802831685908,-130.0,-0.006278673232832002
0.1,1.0,lambda-rmin1,-0.6455234546966387,-10.0,-0.6039859516878154
0.1,1.0,lambda-rmin2,0.6570266829527236,0.0,0.6570266829527236
0.1,1.0,lambda-mdot1,-0.5318350953280953,0.0,-0.5318350953280953
0.1,1.0,lambda-mdot2,0.6117847849853263,0.0,0.6117847849853263
0.1,1.0,rmin1-rmin2,0.34267989172874375,200.0,-0.20849841552837323
0.1,1.0,mdot1-mdot2,0.5222875854016956,200.0,0.27095238260981486
0.1,1.0,mdot1-rmin1,0.6203628155935119,0.0,0.6203628155935119
0.1,1.0,mdot1-rmin2,0.3292116551328576,200.0,-0.12646641996638994
0.1,1.0,mdot2-rmin1,-0.35219971009098394,-50.0,-0.14713996957945982
0.1,1.0,mdot2-rmin2,0.6413577543759249,-10.0,0.6330967564763699
0.1,1.0,lambda-alpha1,-0.6404714896616553,-190.0,0.616371893002384
0.1,1.0,lambda-alpha2,-0.6427752622725746,10.0,-0.6171580920485615
0.1,1.0,lambda-mass_disk1,0.23244971087304142,30.0,0.14422476049597216
0.1,1.0,lambda-mass_disk2,0.10316523314276896,-190.0,-0.004794711175691921
0.2,1.0,lambda-rmin1,0.26903329015605243,-20.0,-0.23171352471344095
0.2,1.0,lambda-rmin2,-0.398455167721057,-10.0,0.05167503574247305
0.2,1.0,lambda-mdot1,-0.49056687410306477,-10.0,-0.45423880848295745
0.2,1.0,lambda-mdot2,-0.5074075099724277,-10.0,-0.34227253492002335
0.2,1.0,rmin1-rmin2,-0.2515947330656778,10.0,-0.11270465912240663
0.2,1.0,mdot1-mdot2,0.9920864286218972,0.0,0.9920864286218972
0.2,1.0,mdot1-rmin1,-0.3028620347066137,-10.0,-0.15512990494444379
0.2,1.0,mdot1-rmin2,0.4130248440363857,-10.0,0.39353293147052754
0.2,1.0,mdot2-rmin1,-0.3168228721070887,-10.0,-0.19498243474248292
0.2,1.0,mdot2-rmin2,0.4204107854785817,0.0,0.4204107854785817
0.2,1.0,lambda-alpha1,0.2930249895753558,0.0,0.2930249895753558
0.2,1.0,lambda-alpha2,0.08068096332156827,170.0,0.07564441853799692
0.2,1.0,lambda-mass_disk1,-0.5383139517013911,-10.0,-0.4001664761637852
0.2,1.0,lambda-mass_disk2,-0.371206168058164,0.0,-0.371206168058164
0.3,1.0,lambda-rmin1,0.38426625879843246,-70.0,0.30073762794694586
0.3,1.0,lambda-rmin2,-0.4105026058324766,0.0,-0.4105026058324766
0.3,1.0,lambda-mdot1,-0.7577298468714174,0.0,-0.7577298468714174
0.3,1.0,lambda-mdot2,0.8920417203608337,0.0,0.8920417203608337
0.3,1.0,rmin1-rmin2,-0.21159107055626772,40.0,0.10755295461976896
0.3,1.0,mdot1-mdot2,-0.5432177649269095,10.0,-0.515267497073001
0.3,1.0,mdot1-rmin1,-0.43587930777473605,0.0,-0.43587930777473605
0.3,1.0,mdot1-rmin2,0.3091634975156168,40.0,0.2591808697023544
0.3,1.0,mdot2-rmin1,0.30460155355811414,-70.0,0.19847067986084613
0.3,1.0,mdot2-rmin2,-0.41046491889133896,0.0,-0.41046491889133896
0.3,1.0,lambda-alpha1,-0.20803733440048156,20.0,-0.11393565927523422
0.3,1.0,lambda-alpha2,0.38417863298392274,0.0,0.38417863298392274
0.3,1.0,lambda-mass_disk1,0.529296075210079,0.0,0.529296075210079
0.3,1.0,lambda-mass_disk2,-0.6891174756244183,0.0,-0.6891174756244183
0.4,1.0,lambda-rmin1,-0.09472159113575372,150.0,-0.011298188124181216
0.4,1.0,lambda-rmin2,-0.17588162256398762,-160.0,0.11127866806971627
0.4,1.0,lambda-mdot1,-0.7246743516349312,0.0,-0.7246743516349312
0.4,1.0,lambda-mdot2,0.8903207125501875,0.0,0.8903207125501875
0.4,1.0,rmin1-rmin2,0.19160842751369722,0.0,0.19160842751369722
0.4,1.0,mdot1-mdot2,-0.5658232362428032,0.0,-0.5658232362428032
0.4,1.0,mdot1-rmin1,0.11590233494141966,150.0,0.0008014473653758784
0.4,1.0,mdot1-rmin2,-0.1548220136064934,-30.0,-0.14533459039442187
0.4,1.0,mdot2-rmin1,-0.08634020492069566,120.0,-0.06193244131400382
0.4,1.0,mdot2-rmin2,-0.19135678308865303,-180.0,0.06697482117536586
0.4,1.0,lambda-alpha1,-0.08648993327301371,-50.0,-0.06880911195266656
0.4,1.0,lambda-alpha2,0.12576317547238766,-100.0,0.023745979688499896
0.4,1.0,lambda-mass_disk1,0.1156473929238162,-10.0,0.10401679473686598
0.4,1.0,lambda-mass_disk2,0.1519579264986863,70.0,0.09295973528838665
0.5,1.0,lambda-rmin1,0.903303640184014,-160.0,-0.715856129070517
0.5,1.0,lambda-rmin2,0.9159138158504523,30.0,0.7095292864289259
0.5,1.0,lambda-mdot1,0.8948790382033566,180.0,-0.8908295394597971
0.5,1.0,lambda-mdot2,0.902356428248795,0.0,0.902356428248795
0.5,1.0,rmin1-rmin2,0.9864434371955512,190.0,-0.9305086867619697
0.5,1.0,mdot1-mdot2,0.9762446256133607,190.0,-0.7825877019707408
0.5,1.0,mdot1-rmin1,-0.8206843029214125,-150.0,0.5774220498951842
0.5,1.0,mdot1-rmin2,-0.8245927472122192,40.0,-0.6196564988052523
0.5,1.0,mdot2-rmin1,-0.8174142430929933,40.0,-0.6195922806468568
0.5,1.0,mdot2-rmin2,0.8246217987494683,40.0,0.5789134027248108
0.5,1.0,lambda-alpha1,0.7581810356197485,180.0,-0.6923005347621588
0.5,1.0,lambda-alpha2,0.7801121245255277,0.0,0.7801121245255277
0.5,1.0,lambda-mass_disk1,0.47680859094857686,-40.0,0.2409026075476393
0.5,1.0,lambda-mass_disk2,-0.4848404725158244,-30.0,-0.45713210857512204
0.6,1.0,lambda-rmin1,0.954983929392483,-140.0,-0.622191356580894
0.6,1.0,lambda-rmin2,0.9544640738845469,50.0,0.6023933516912935
0.6,1.0,lambda-mdot1,0.9086207543341117,180.0,-0.8769076313449963
0.6,1.0,lambda-mdot2,0.9196097957317709,0.0,0.9196097957317709
0.6,1.0,rmin1-rmin2,0.9835725204423625,180.0,-0.9413928113084291
0.6,1.0,mdot1-mdot2,0.9835747564395688,-180.0,-0.8319099816335269
0.6,1.0,mdot1-rmin1,0.8776459340043125,50.0,0.5418196216242717
0.6,1.0,mdot1-rmin2,0.8825483613858689,-130.0,-0.5601265974065084
0.6,1.0,mdot2-rmin1,0.8813448176574765,-130.0,-0.5656372533468663
0.6,1.0,mdot2-rmin2,0.888577726308571,50.0,0.5469738048125755
0.6,1.0,lambda-alpha1,0.7695256678196792,170.0,-0.6678181986463844
0.6,1.0,lambda-alpha2,0.7692047072995422,-20.0,0.7172049554120585
0.6,1.0,lambda-mass_disk1,0.22263822651533802,80.0,-0.13580898248437231
0.6,1.0,lambda-mass_disk2,0.19175841664875826,-100.0,-0.12323131843643531
0.8,1.0,lambda-rmin1,0.8499994430160737,-50.0,0.11190292367346508
0.8,1.0,lambda-rmin2,0.8526926011958046,70.0,-0.16709199416261208
0.8,1.0,lambda-mdot1,-0.7893401092729448,0.0,-0.7893401092729448
0.8,1.0,lambda-mdot2,-0.7290713066005655,130.0,0.7036625476826602
0.8,1.0,rmin1-rmin2,0.9053245600812664,130.0,-0.7893322178027544
0.8,1.0,mdot1-mdot2,0.9285154338040021,130.0,-0.45177303394528945
0.8,1.0,mdot1-rmin1,0.8319281469511085,70.0,0.046839212678457726
0.8,1.0,mdot1-rmin2,0.8178346860791328,-60.0,0.19705123359866406
0.8,1.0,mdot2-rmin1,0.8109781325240787,-60.0,0.19805547606219767
0.8,1.0,mdot2-rmin2,0.8371468205327103,70.0,0.05306927656886358
0.8,1.0,lambda-alpha1,0.7770745768018613,90.0,-0.31010980743236166
0.8,1.0,lambda-alpha2,0.7282961499965143,-30.0,0.3415597965384124
0.8,1.0,lambda-mass_disk1,0.7525729489452325,50.0,0.05434015810545935
0.8,1.0,lambda-mass_disk2,0.7077982064829738,-80.0,-0.32388916939433116
