eb,qb,pair,peak_C,peak_lag_tau_b,C_at_zero_lag,found
0.0,0.1,lambda-rmin1,0.0791453064651006,80.0,0.03888224666173021,False
0.0,0.1,lambda-rmin2,-0.02398598998106167,-150.0,-0.003736605803904448,False
0.1,0.1,lambda-rmin1,-0.1993224328757742,30.0,-0.02591700195116101,False
0.1,0.1,lambda-rmin2,0.19935434716639305,20.0,0.18635604713771411,False
0.2,0.1,lambda-rmin1,-0.34882844331703633,-20.0,-0.33277568858134216,True
0.2,0.1,lambda-rmin2,-0.26273749528943785,100.0,-0.2221512742018046,False
0.3,0.1,lambda-rmin1,0.21988088418678778,-10.0,0.17361769577018607,False
0.3,0.1,lambda-rmin2,-0.11112347178484348,30.0,-0.07814125141316747,False
0.4,0.1,lambda-rmin1,-0.09004120331793332,20.0,-0.016461419028534232,False
0.4,0.1,lambda-rmin2,-0.141080150354644,90.0,-0.09819661995139538,False
0.5,0.1,lambda-rmin1,0.341447270731973,-20.0,0.33707417187510325,True
0.5,0.1,lambda-rmin2,-0.22063923530632226,-50.0,-0.19311407363507457,False
0.6,0.1,lambda-rmin1,-0.07135747346283453,-160.0,0.019078029794850206,False
0.6,0.1,lambda-rmin2,-0.17652344780067572,-160.0,-0.0395214742874793,False
0.8,0.1,lambda-rmin1,-0.13183098719087616,-90.0,-0.12332377322227289,False
0.8,0.1,lambda-rmin2,0.18423340847542463,60.0,0.0789132876141586,False
0.0,0.2,lambda-rmin1,0.07961928764815371,-70.0,0.0671606838282693,False
0.0,0.2,lambda-rmin2,0.05950435015675882,60.0,0.009146480358030585,False
0.1,0.2,lambda-rmin1,0.5176150396532262,-80.0,0.012281694566501654,True
0.1,0.2,lambda-rmin2,-0.3829365406040102,-110.0,-0.04463983804784909,True
0.2,0.2,lambda-rmin1,0.15621618855194302,10.0,-0.04299508419899621,False
0.2,0.2,lambda-rmin2,-0.16261704019062664,20.0,0.06976292511524185,False
0.3,0.2,lambda-rmin1,-0.12090562030382077,-40.0,0.04947921807794289,False
0.3,0.2,lambda-rmin2,0.2550530721150062,-100.0,0.10771751700097679,False
0.4,0.2,lambda-rmin1,-0.11081270491282022,-200.0,-0.010214471772758284,False
0.4,0.2,lambda-rmin2,0.12270494361382776,-50.0,0.10089722674652266,False
0.5,0.2,lambda-rmin1,0.12503378823365344,80.0,0.02904439738798792,False
0.5,0.2,lambda-rmin2,-0.1479432413838368,160.0,-0.04607957880080374,False
0.6,0.2,lambda-rmin1,-0.11677685624349866,170.0,-0.07002987786422037,False
0.6,0.2,lambda-rmin2,-0.16109858705709895,40.0,-0.07614345055461014,False
0.8,0.2,lambda-rmin1,-0.12365008493384975,100.0,-0.08157789993591064,False
0.8,0.2,lambda-rmin2,0.08860665041080985,200.0,-0.051620387072142795,False
0.0,0.3,lambda-rmin1,0.07998079048704354,150.0,-0.044274897125640936,False
0.0,0.3,lambda-rmin2,-0.05148750705544265,-160.0,0.01763678523522524,False
0.1,0.3,lambda-rmin1,0.49008753609506267,-100.0,-0.029323847462116942,True
0.1,0.3,lambda-rmin2,-0.38211363264615816,-80.0,-0.10381284050867019,True
0.2,0.3,lambda-rmin1,0.6482787739005766,-10.0,-0.3466415717839725,True
0.2,0.3,lambda-rmin2,0.4655518315781706,10.0,-0.1618707805441002,True
0.3,0.3,lambda-rmin1,-0.16512340022570415,0.0,-0.16512340022570415,False
0.3,0.3,lambda-rmin2,0.09722117466445368,90.0,0.045925592569522944,False
0.4,0.3,lambda-rmin1,-0.12928273778357216,-140.0,-0.10778622756335247,False
0.4,0.3,lambda-rmin2,0.1387867580677968,-130.0,0.10568256738243406,False
0.5,0.3,lambda-rmin1,0.08854264162764498,130.0,0.015974987482234908,False
0.5,0.3,lambda-rmin2,-0.10603003191894418,-70.0,0.006310106327563009,False
0.6,0.3,lambda-rmin1,-0.08849873285812296,-200.0,0.041973915310238114,False
0.6,0.3,lambda-rmin2,-0.09519728857744764,10.0,-0.04026721032033223,False
0.8,0.3,lambda-rmin1,-0.738674376562019,10.0,-0.7364002619295706,True
0.8,0.3,lambda-rmin2,0.4711124200467661,-200.0,-0.06938065460145038,True
0.0,0.4,lambda-rmin1,0.08943075393781685,-60.0,0.030112425339610973,False
0.0,0.4,lambda-rmin2,0.11642383232597571,110.0,0.034381108251609664,False
0.1,0.4,lambda-rmin1,-0.580697827643937,10.0,-0.5744092543893069,True
0.1,0.4,lambda-rmin2,-0.3867686655906536,-200.0,0.26773837292665936,True
0.2,0.4,lambda-rmin1,-0.2534426163347005,-10.0,-0.24331712435202413,False
0.2,0.4,lambda-rmin2,-0.08920923970171458,-50.0,0.015029192175670787,False
0.3,0.4,lambda-rmin1,-0.308938311828161,-90.0,-0.2018941096747218,True
0.3,0.4,lambda-rmin2,-0.2704659383653446,-140.0,-0.10873400402261917,False
0.4,0.4,lambda-rmin1,0.06174360369180476,0.0,0.06174360369180476,False
0.4,0.4,lambda-rmin2,0.10424319963471261,30.0,0.07156086258943528,False
0.5,0.4,lambda-rmin1,-0.080228512709237,-150.0,-0.03798811016392734,False
0.5,0.4,lambda-rmin2,-0.07687728715165326,-140.0,0.03646548407688557,False
0.6,0.4,lambda-rmin1,-0.09952218891320581,140.0,-0.04595158692712396,False
0.6,0.4,lambda-rmin2,-0.16581186407073648,10.0,-0.12812321126193096,False
0.8,0.4,lambda-rmin1,-0.5988694218941814,10.0,-0.5808312578619461,True
0.8,0.4,lambda-rmin2,-0.8121422869295607,-70.0,-0.09900084837024033,True
0.0,0.5,lambda-rmin1,-0.07954177771454363,110.0,0.014030200099933067,False
0.0,0.5,lambda-rmin2,-0.07069759557740313,-50.0,0.006149558220871496,False
0.1,0.5,lambda-rmin1,-0.7642056661427958,0.0,-0.7642056661427958,True
0.1,0.5,lambda-rmin2,0.5005753603852622,0.0,0.5005753603852622,True
0.2,0.5,lambda-rmin1,-0.2858870658955762,-10.0,-0.16438375010037126,False
0.2,0.5,lambda-rmin2,0.30062894722152084,0.0,0.30062894722152084,True
0.3,0.5,lambda-rmin1,-0.31708074474902326,-10.0,-0.23855954556482073,True
0.3,0.5,lambda-rmin2,-0.12699492812689997,0.0,-0.12699492812689997,False
0.4,0.5,lambda-rmin1,0.31476836292764027,-10.0,0.3097840845105087,True
0.4,0.5,lambda-rmin2,0.8716448157374322,30.0,0.8235499667212356,True
0.5,0.5,lambda-rmin1,-0.1393753268533482,-200.0,0.008595124383497089,False
0.5,0.5,lambda-rmin2,-0.22461432479659688,-140.0,-0.16833492550662316,False
0.6,0.5,lambda-rmin1,-0.6506026782469085,30.0,-0.5986695550001423,True
0.6,0.5,lambda-rmin2,0.8908256137445771,50.0,0.7281709576940624,True
0.8,0.5,lambda-rmin1,0.8762802692973772,-50.0,-0.20524118269433697,True
0.8,0.5,lambda-rmin2,-0.7954299997670808,-60.0,-0.10769273581657365,True
0.0,0.6,lambda-rmin1,0.12085729659480769,200.0,0.08150153832187577,False
0.0,0.6,lambda-rmin2,-0.12239072047143058,140.0,0.05977803335432154,False
0.1,0.6,lambda-rmin1,-0.7641918871278076,0.0,-0.7641918871278076,True
0.1,0.6,lambda-rmin2,0.5042496676275328,0.0,0.5042496676275328,True
0.2,0.6,lambda-rmin1,-0.3253465989654362,-10.0,-0.2919773758836484,True
0.2,0.6,lambda-rmin2,0.4915960029075899,0.0,0.4915960029075899,True
0.3,0.6,lambda-rmin1,-0.21466102623394645,-10.0,-0.13738600743822227,False
0.3,0.6,lambda-rmin2,-0.1574710123766706,-30.0,0.06712386305670509,False
0.4,0.6,lambda-rmin1,-0.12897263044813886,-180.0,0.11545807958705814,False
0.4,0.6,lambda-rmin2,0.7548716639950899,90.0,0.47255890672303236,True
0.5,0.6,lambda-rmin1,-0.19009757657505458,0.0,-0.19009757657505458,False
0.5,0.6,lambda-rmin2,0.4381345318970498,30.0,0.3872802807734207,True
0.6,0.6,lambda-rmin1,-0.7381621507175314,40.0,-0.6102399743501791,True
0.6,0.6,lambda-rmin2,0.912345163644267,60.0,0.6228187778052672,True
0.8,0.6,lambda-rmin1,0.8595721991276996,-60.0,-0.10802734181142852,True
0.8,0.6,lambda-rmin2,-0.7876005537454551,-60.0,-0.1815098145447948,True
0.0,0.7,lambda-rmin1,0.06236168967330691,-20.0,0.015468229199476428,False
0.0,0.7,lambda-rmin2,0.06818021654799368,-160.0,0.012093626088839793,False
0.1,0.7,lambda-rmin1,-0.7494609123703759,0.0,-0.7494609123703759,True
0.1,0.7,lambda-rmin2,0.5352361753330465,-10.0,0.5156276867866033,True
0.2,0.7,lambda-rmin1,0.341736569160315,20.0,-0.11434373487067294,True
0.2,0.7,lambda-rmin2,0.39181382699568146,0.0,0.39181382699568146,True
0.3,0.7,lambda-rmin1,-0.4476756378580613,-10.0,-0.23951870121967941,True
0.3,0.7,lambda-rmin2,0.45116832326020023,0.0,0.45116832326020023,True
0.4,0.7,lambda-rmin1,-0.17796697615415413,60.0,-0.015610213345387761,False
0.4,0.7,lambda-rmin2,0.49743475554423283,80.0,0.20333272651517387,True
0.5,0.7,lambda-rmin1,-0.5215432618646363,40.0,-0.396233086345749,True
0.5,0.7,lambda-rmin2,0.6576373867104208,40.0,0.46270209593088746,True
0.6,0.7,lambda-rmin1,-0.773691692046769,70.0,-0.6045238182915845,True
0.6,0.7,lambda-rmin2,0.9237368952520029,60.0,0.5560499669924958,True
0.8,0.7,lambda-rmin1,0.8679627534091551,-60.0,0.07867798281704261,True
0.8,0.7,lambda-rmin2,-0.7980535444919606,-60.0,-0.19015874894632515,True
0.0,0.8,lambda-rmin1,0.10321973406337022,200.0,0.030252203366700293,False
0.0,0.8,lambda-rmin2,0.08361976845333471,60.0,-0.008737967259512409,False
0.1,0.8,lambda-rmin1,-0.6890832482846151,0.0,-0.6890832482846151,True
0.1,0.8,lambda-rmin2,0.6388111467316264,-10.0,0.636817897385576,True
0.2,0.8,lambda-rmin1,0.40002680249387085,20.0,-0.22320766082734186,True
0.2,0.8,lambda-rmin2,0.390912090674274,0.0,0.390912090674274,True
0.3,0.8,lambda-rmin1,0.2832725842481774,-30.0,-0.022899904683178558,False
0.3,0.8,lambda-rmin2,-0.18896185937269772,-30.0,-0.07965026503377402,False
0.4,0.8,lambda-rmin1,0.20780208237742565,-80.0,0.0038404753540100815,False
0.4,0.8,lambda-rmin2,0.347877586847613,100.0,0.0814747136669042,True
0.5,0.8,lambda-rmin1,-0.778723393000412,40.0,-0.6728761121585562,True
0.5,0.8,lambda-rmin2,0.8822665965070842,30.0,0.6963709392464208,True
0.6,0.8,lambda-rmin1,-0.8226852858515346,60.0,-0.5933202297364065,True
0.6,0.8,lambda-rmin2,0.9404819954644161,60.0,0.522068135063588,True
0.8,0.8,lambda-rmin1,0.9061907325881232,-50.0,0.21957816931956742,True
0.8,0.8,lambda-rmin2,-0.8323076407163568,-50.0,-0.19186285352032562,True
0.0,0.9,lambda-rmin1,0.10133070786398157,-150.0,0.0033099252479403393,False
0.0,0.9,lambda-rmin2,-0.08743456450085482,110.0,0.06859387885986924,False
0.1,0.9,lambda-rmin1,-0.6482526916289116,-10.0,-0.6422097619045317,True
0.1,0.9,lambda-rmin2,0.6624301009506521,-10.0,0.6593799483526,True
0.2,0.9,lambda-rmin1,0.2971439514541861,-20.0,-0.05077530234041189,False
0.2,0.9,lambda-rmin2,0.29061598640290554,0.0,0.29061598640290554,False
0.3,0.9,lambda-rmin1,-0.23200913121784453,0.0,-0.23200913121784453,False
0.3,0.9,lambda-rmin2,-0.3076005795796233,0.0,-0.3076005795796233,True
0.4,0.9,lambda-rmin1,0.22302031678551762,-180.0,-0.10197034078726062,False
0.4,0.9,lambda-rmin2,-0.35261952557785187,-100.0,-0.08716856766566637,True
0.5,0.9,lambda-rmin1,-0.8575894623804087,30.0,-0.7224131435033739,True
0.5,0.9,lambda-rmin2,0.9026077845000694,30.0,0.6937380045785243,True
0.6,0.9,lambda-rmin1,-0.8637560530000834,50.0,-0.6149986826377275,True
0.6,0.9,lambda-rmin2,0.9580358807421883,50.0,0.5837393603166415,True
0.8,0.9,lambda-rmin1,0.8918415105961561,-50.0,0.19672874311245037,True
0.8,0.9,lambda-rmin2,-0.8215853657362189,-50.0,-0.20865358813811177,True
0.0,1.0,lambda-rmin1,-0.0725213632331912,-110.0,0.061318887941812526,False
0.0,1.0,lambda-rmin2,0.06857184682948311,150.0,-0.043036402029961326,False
0.1,1.0,lambda-rmin1,-0.6455234546966387,-10.0,-0.6039859516878154,True
0.1,1.0,lambda-rmin2,0.6570266829527236,0.0,0.6570266829527236,True
0.2,1.0,lambda-rmin1,0.26903329015605243,-20.0,-0.23171352471344095,False
0.2,1.0,lambda-rmin2,-0.398455167721057,-10.0,0.05167503574247305,True
0.3,1.0,lambda-rmin1,0.3223711784568147,10.0,0.30073762794694586,True
0.3,1.0,lambda-rmin2,-0.4105026058324766,0.0,-0.4105026058324766,True
0.4,1.0,lambda-rmin1,-0.09472159113575372,150.0,-0.011298188124181216,False
0.4,1.0,lambda-rmin2,-0.17588162256398762,-160.0,0.11127866806971627,False
0.5,1.0,lambda-rmin1,-0.8648390286967363,40.0,-0.715856129070517,True
0.5,1.0,lambda-rmin2,0.9159138158504523,30.0,0.7095292864289259,True
0.6,1.0,lambda-rmin1,-0.8813698083605733,50.0,-0.622191356580894,True
0.6,1.0,lambda-rmin2,0.9544640738845469,50.0,0.6023933516912935,True
0.8,1.0,lambda-rmin1,0.8499994430160737,-50.0,0.11190292367346508,True
0.8,1.0,lambda-rmin2,-0.7525915242156067,-60.0,-0.16709199416261208,True
